Compound,Date,Negative,Neutral,Positive,Target,Tweet,Tweets Ago
0.0,Fri Mar 23 19:07:00 +0000 2018,1.0,0.0,0.0,BBC,"RT @BBCOne: .@GaryLineker, @OreOduba, @ThisisDavina &amp; more kick off the biggest ever night of #SportRelief now on @bbcone. @sportrelief 
Fo‚Ä¶",1
-0.296,Fri Mar 23 18:03:04 +0000 2018,0.864,0.136,0.0,BBC,From @taylorswift13 to @Beyonce: these are the secretive musicians who avoid interviews. üé§ü§ê https://t.co/nqOmaVMzoo https://t.co/sbDga7L5cp,2
0.0,Fri Mar 23 17:33:03 +0000 2018,1.0,0.0,0.0,BBC,"Tonight, @GaryLineker, @ThisisDavina and @OreOduba kick off the biggest ever night of @sportrelief! Ô∏è‚öΩÔ∏è‚ú®üö¥üéâ‚Ä¶ https://t.co/tgbpC76heP",3
0.0,Fri Mar 23 17:02:01 +0000 2018,1.0,0.0,0.0,BBC,"Your week, as told by @louistheroux. üìÜüòÇ
https://t.co/Ae6bDBpIBW",4
0.0,Fri Mar 23 16:27:45 +0000 2018,1.0,0.0,0.0,BBC,"RT @BBCWales: A #DanceForParkinsons session with @ndcwales for @GetCreativeUK in #Cardiff this week 

Find out what‚Äôs happening on the fina‚Ä¶",5
0.7783,Fri Mar 23 16:00:12 +0000 2018,0.714,0.0,0.286,BBC,"Meet Australian maths teacher Eddie Woo, who has won fans worldwide with his high-energy lessons, posted on YouTube‚Ä¶ https://t.co/vTfNDZzA3b",6
-0.4479,Fri Mar 23 14:33:40 +0000 2018,0.828,0.172,0.0,BBC,"RT @BBCOne: No @andy_murray, this is not a dream. @GeriHalliwell really IS in your bedroom making you sing Spice Girls songs üé§

@sportrelie‚Ä¶",7
0.5994,Fri Mar 23 14:03:08 +0000 2018,0.813,0.0,0.187,BBC,These beautiful photographs reveal how refugees in Tyneside have turned to the healing powers of gardening. üåøüì∏‚Ä¶ https://t.co/2gq0t9FnIR,8
-0.4767,Fri Mar 23 14:00:02 +0000 2018,0.871,0.129,0.0,BBC,"How would you react if you woke up and found Michael McIntyre and Peppa Pig in your bedroom? 

Poor @AndyMurray‚Ä¶

S‚Ä¶ https://t.co/7ZP0hUYeKr",9
0.6114,Fri Mar 23 13:33:04 +0000 2018,0.8,0.0,0.2,BBC,Spring is here! üå±üå∏ü•¶ Make the most of seasonal ingredients with these delicious soup recipes. https://t.co/fXp7eJXoJc https://t.co/hA1b2bdSrd,10
0.4939,Fri Mar 23 13:03:02 +0000 2018,0.741,0.0,0.259,BBC,"Want to get creative this weekend? Here's how to make a hooky rug. 
#MakeCraftBritain 
https://t.co/uqibyP09s7",11
0.0,Fri Mar 23 11:42:55 +0000 2018,1.0,0.0,0.0,BBC,RT @BBCSport: He was one of English football's first black players and the British Army's first ever black officer to command white troops.‚Ä¶,12
-0.2006,Fri Mar 23 11:42:51 +0000 2018,0.754,0.139,0.107,BBC,RT @BBCRadio2: üëª ‚ÄúI thought the script was really frightening and original.‚Äù Martin Freeman chats to @achrisevans about his creepy new film‚Ä¶,13
0.0,Fri Mar 23 11:42:48 +0000 2018,1.0,0.0,0.0,BBC,RT @BBCTwo: Our entire weekend plans. üò¥üëá #BigCatsAboutTheHouse https://t.co/vl0zUcCdmI,14
0.3612,Fri Mar 23 11:42:43 +0000 2018,0.872,0.0,0.128,BBC,"RT @sportrelief: It looks like #TeamGryffindor are storming ahead in the #HogwartsLeague in the #SportRelief app. 

#TeamHufflepuff, #TeamS‚Ä¶",15
0.2648,Fri Mar 23 11:30:05 +0000 2018,0.897,0.0,0.103,BBC,‚òïÔ∏èüç∞Some blueberry muffins sold by cafes and supermarkets contain more than the recommended daily intake of sugar fo‚Ä¶ https://t.co/9bh6K8aMH2,16
-0.6016,Fri Mar 23 10:33:01 +0000 2018,0.813,0.187,0.0,BBC,"Friday night is CELEBRITY FIGHT NIGHT! ü•äü•ä

Who'll be victorious? Tune in to #SportRelief to find out!

https://t.co/9ZhgNGmxOD",17
0.8555,Fri Mar 23 10:03:03 +0000 2018,0.657,0.0,0.343,BBC,"Scrolling through headlines, the world can feel like a pretty dark place. So here are nine reasons to be happy. üòä üéâ‚Ä¶ https://t.co/KrNoB0qaqC",18
0.765,Fri Mar 23 09:30:03 +0000 2018,0.583,0.0,0.417,BBC,"Would you want secret helpers like these to help you out in nerve-wracking situations? #TheSecretHelpers 
https://t.co/ua2X4vxKR3",19
0.0,Fri Mar 23 08:33:01 +0000 2018,1.0,0.0,0.0,BBC,"Meet the first polar bear cub to be born in the UK in 25 years. üòç
https://t.co/njq1r6eONE",20
0.0,Fri Mar 23 19:07:00 +0000 2018,1.0,0.0,0.0,BBC,"RT @BBCOne: .@GaryLineker, @OreOduba, @ThisisDavina &amp; more kick off the biggest ever night of #SportRelief now on @bbcone. @sportrelief 
Fo‚Ä¶",21
-0.296,Fri Mar 23 18:03:04 +0000 2018,0.864,0.136,0.0,BBC,From @taylorswift13 to @Beyonce: these are the secretive musicians who avoid interviews. üé§ü§ê https://t.co/nqOmaVMzoo https://t.co/sbDga7L5cp,22
0.0,Fri Mar 23 17:33:03 +0000 2018,1.0,0.0,0.0,BBC,"Tonight, @GaryLineker, @ThisisDavina and @OreOduba kick off the biggest ever night of @sportrelief! Ô∏è‚öΩÔ∏è‚ú®üö¥üéâ‚Ä¶ https://t.co/tgbpC76heP",23
0.0,Fri Mar 23 17:02:01 +0000 2018,1.0,0.0,0.0,BBC,"Your week, as told by @louistheroux. üìÜüòÇ
https://t.co/Ae6bDBpIBW",24
0.0,Fri Mar 23 16:27:45 +0000 2018,1.0,0.0,0.0,BBC,"RT @BBCWales: A #DanceForParkinsons session with @ndcwales for @GetCreativeUK in #Cardiff this week 

Find out what‚Äôs happening on the fina‚Ä¶",25
0.7783,Fri Mar 23 16:00:12 +0000 2018,0.714,0.0,0.286,BBC,"Meet Australian maths teacher Eddie Woo, who has won fans worldwide with his high-energy lessons, posted on YouTube‚Ä¶ https://t.co/vTfNDZzA3b",26
-0.4479,Fri Mar 23 14:33:40 +0000 2018,0.828,0.172,0.0,BBC,"RT @BBCOne: No @andy_murray, this is not a dream. @GeriHalliwell really IS in your bedroom making you sing Spice Girls songs üé§

@sportrelie‚Ä¶",27
0.5994,Fri Mar 23 14:03:08 +0000 2018,0.813,0.0,0.187,BBC,These beautiful photographs reveal how refugees in Tyneside have turned to the healing powers of gardening. üåøüì∏‚Ä¶ https://t.co/2gq0t9FnIR,28
-0.4767,Fri Mar 23 14:00:02 +0000 2018,0.871,0.129,0.0,BBC,"How would you react if you woke up and found Michael McIntyre and Peppa Pig in your bedroom? 

Poor @AndyMurray‚Ä¶

S‚Ä¶ https://t.co/7ZP0hUYeKr",29
0.6114,Fri Mar 23 13:33:04 +0000 2018,0.8,0.0,0.2,BBC,Spring is here! üå±üå∏ü•¶ Make the most of seasonal ingredients with these delicious soup recipes. https://t.co/fXp7eJXoJc https://t.co/hA1b2bdSrd,30
0.4939,Fri Mar 23 13:03:02 +0000 2018,0.741,0.0,0.259,BBC,"Want to get creative this weekend? Here's how to make a hooky rug. 
#MakeCraftBritain 
https://t.co/uqibyP09s7",31
0.0,Fri Mar 23 11:42:55 +0000 2018,1.0,0.0,0.0,BBC,RT @BBCSport: He was one of English football's first black players and the British Army's first ever black officer to command white troops.‚Ä¶,32
-0.2006,Fri Mar 23 11:42:51 +0000 2018,0.754,0.139,0.107,BBC,RT @BBCRadio2: üëª ‚ÄúI thought the script was really frightening and original.‚Äù Martin Freeman chats to @achrisevans about his creepy new film‚Ä¶,33
0.0,Fri Mar 23 11:42:48 +0000 2018,1.0,0.0,0.0,BBC,RT @BBCTwo: Our entire weekend plans. üò¥üëá #BigCatsAboutTheHouse https://t.co/vl0zUcCdmI,34
0.3612,Fri Mar 23 11:42:43 +0000 2018,0.872,0.0,0.128,BBC,"RT @sportrelief: It looks like #TeamGryffindor are storming ahead in the #HogwartsLeague in the #SportRelief app. 

#TeamHufflepuff, #TeamS‚Ä¶",35
0.2648,Fri Mar 23 11:30:05 +0000 2018,0.897,0.0,0.103,BBC,‚òïÔ∏èüç∞Some blueberry muffins sold by cafes and supermarkets contain more than the recommended daily intake of sugar fo‚Ä¶ https://t.co/9bh6K8aMH2,36
-0.6016,Fri Mar 23 10:33:01 +0000 2018,0.813,0.187,0.0,BBC,"Friday night is CELEBRITY FIGHT NIGHT! ü•äü•ä

Who'll be victorious? Tune in to #SportRelief to find out!

https://t.co/9ZhgNGmxOD",37
0.8555,Fri Mar 23 10:03:03 +0000 2018,0.657,0.0,0.343,BBC,"Scrolling through headlines, the world can feel like a pretty dark place. So here are nine reasons to be happy. üòä üéâ‚Ä¶ https://t.co/KrNoB0qaqC",38
0.765,Fri Mar 23 09:30:03 +0000 2018,0.583,0.0,0.417,BBC,"Would you want secret helpers like these to help you out in nerve-wracking situations? #TheSecretHelpers 
https://t.co/ua2X4vxKR3",39
0.0,Fri Mar 23 08:33:01 +0000 2018,1.0,0.0,0.0,BBC,"Meet the first polar bear cub to be born in the UK in 25 years. üòç
https://t.co/njq1r6eONE",40
0.0,Fri Mar 23 19:07:00 +0000 2018,1.0,0.0,0.0,BBC,"RT @BBCOne: .@GaryLineker, @OreOduba, @ThisisDavina &amp; more kick off the biggest ever night of #SportRelief now on @bbcone. @sportrelief 
Fo‚Ä¶",41
-0.296,Fri Mar 23 18:03:04 +0000 2018,0.864,0.136,0.0,BBC,From @taylorswift13 to @Beyonce: these are the secretive musicians who avoid interviews. üé§ü§ê https://t.co/nqOmaVMzoo https://t.co/sbDga7L5cp,42
0.0,Fri Mar 23 17:33:03 +0000 2018,1.0,0.0,0.0,BBC,"Tonight, @GaryLineker, @ThisisDavina and @OreOduba kick off the biggest ever night of @sportrelief! Ô∏è‚öΩÔ∏è‚ú®üö¥üéâ‚Ä¶ https://t.co/tgbpC76heP",43
0.0,Fri Mar 23 17:02:01 +0000 2018,1.0,0.0,0.0,BBC,"Your week, as told by @louistheroux. üìÜüòÇ
https://t.co/Ae6bDBpIBW",44
0.0,Fri Mar 23 16:27:45 +0000 2018,1.0,0.0,0.0,BBC,"RT @BBCWales: A #DanceForParkinsons session with @ndcwales for @GetCreativeUK in #Cardiff this week 

Find out what‚Äôs happening on the fina‚Ä¶",45
0.7783,Fri Mar 23 16:00:12 +0000 2018,0.714,0.0,0.286,BBC,"Meet Australian maths teacher Eddie Woo, who has won fans worldwide with his high-energy lessons, posted on YouTube‚Ä¶ https://t.co/vTfNDZzA3b",46
-0.4479,Fri Mar 23 14:33:40 +0000 2018,0.828,0.172,0.0,BBC,"RT @BBCOne: No @andy_murray, this is not a dream. @GeriHalliwell really IS in your bedroom making you sing Spice Girls songs üé§

@sportrelie‚Ä¶",47
0.5994,Fri Mar 23 14:03:08 +0000 2018,0.813,0.0,0.187,BBC,These beautiful photographs reveal how refugees in Tyneside have turned to the healing powers of gardening. üåøüì∏‚Ä¶ https://t.co/2gq0t9FnIR,48
-0.4767,Fri Mar 23 14:00:02 +0000 2018,0.871,0.129,0.0,BBC,"How would you react if you woke up and found Michael McIntyre and Peppa Pig in your bedroom? 

Poor @AndyMurray‚Ä¶

S‚Ä¶ https://t.co/7ZP0hUYeKr",49
0.6114,Fri Mar 23 13:33:04 +0000 2018,0.8,0.0,0.2,BBC,Spring is here! üå±üå∏ü•¶ Make the most of seasonal ingredients with these delicious soup recipes. https://t.co/fXp7eJXoJc https://t.co/hA1b2bdSrd,50
0.4939,Fri Mar 23 13:03:02 +0000 2018,0.741,0.0,0.259,BBC,"Want to get creative this weekend? Here's how to make a hooky rug. 
#MakeCraftBritain 
https://t.co/uqibyP09s7",51
0.0,Fri Mar 23 11:42:55 +0000 2018,1.0,0.0,0.0,BBC,RT @BBCSport: He was one of English football's first black players and the British Army's first ever black officer to command white troops.‚Ä¶,52
-0.2006,Fri Mar 23 11:42:51 +0000 2018,0.754,0.139,0.107,BBC,RT @BBCRadio2: üëª ‚ÄúI thought the script was really frightening and original.‚Äù Martin Freeman chats to @achrisevans about his creepy new film‚Ä¶,53
0.0,Fri Mar 23 11:42:48 +0000 2018,1.0,0.0,0.0,BBC,RT @BBCTwo: Our entire weekend plans. üò¥üëá #BigCatsAboutTheHouse https://t.co/vl0zUcCdmI,54
0.3612,Fri Mar 23 11:42:43 +0000 2018,0.872,0.0,0.128,BBC,"RT @sportrelief: It looks like #TeamGryffindor are storming ahead in the #HogwartsLeague in the #SportRelief app. 

#TeamHufflepuff, #TeamS‚Ä¶",55
0.2648,Fri Mar 23 11:30:05 +0000 2018,0.897,0.0,0.103,BBC,‚òïÔ∏èüç∞Some blueberry muffins sold by cafes and supermarkets contain more than the recommended daily intake of sugar fo‚Ä¶ https://t.co/9bh6K8aMH2,56
-0.6016,Fri Mar 23 10:33:01 +0000 2018,0.813,0.187,0.0,BBC,"Friday night is CELEBRITY FIGHT NIGHT! ü•äü•ä

Who'll be victorious? Tune in to #SportRelief to find out!

https://t.co/9ZhgNGmxOD",57
0.8555,Fri Mar 23 10:03:03 +0000 2018,0.657,0.0,0.343,BBC,"Scrolling through headlines, the world can feel like a pretty dark place. So here are nine reasons to be happy. üòä üéâ‚Ä¶ https://t.co/KrNoB0qaqC",58
0.765,Fri Mar 23 09:30:03 +0000 2018,0.583,0.0,0.417,BBC,"Would you want secret helpers like these to help you out in nerve-wracking situations? #TheSecretHelpers 
https://t.co/ua2X4vxKR3",59
0.0,Fri Mar 23 08:33:01 +0000 2018,1.0,0.0,0.0,BBC,"Meet the first polar bear cub to be born in the UK in 25 years. üòç
https://t.co/njq1r6eONE",60
0.0,Fri Mar 23 19:07:00 +0000 2018,1.0,0.0,0.0,BBC,"RT @BBCOne: .@GaryLineker, @OreOduba, @ThisisDavina &amp; more kick off the biggest ever night of #SportRelief now on @bbcone. @sportrelief 
Fo‚Ä¶",61
-0.296,Fri Mar 23 18:03:04 +0000 2018,0.864,0.136,0.0,BBC,From @taylorswift13 to @Beyonce: these are the secretive musicians who avoid interviews. üé§ü§ê https://t.co/nqOmaVMzoo https://t.co/sbDga7L5cp,62
0.0,Fri Mar 23 17:33:03 +0000 2018,1.0,0.0,0.0,BBC,"Tonight, @GaryLineker, @ThisisDavina and @OreOduba kick off the biggest ever night of @sportrelief! Ô∏è‚öΩÔ∏è‚ú®üö¥üéâ‚Ä¶ https://t.co/tgbpC76heP",63
0.0,Fri Mar 23 17:02:01 +0000 2018,1.0,0.0,0.0,BBC,"Your week, as told by @louistheroux. üìÜüòÇ
https://t.co/Ae6bDBpIBW",64
0.0,Fri Mar 23 16:27:45 +0000 2018,1.0,0.0,0.0,BBC,"RT @BBCWales: A #DanceForParkinsons session with @ndcwales for @GetCreativeUK in #Cardiff this week 

Find out what‚Äôs happening on the fina‚Ä¶",65
0.7783,Fri Mar 23 16:00:12 +0000 2018,0.714,0.0,0.286,BBC,"Meet Australian maths teacher Eddie Woo, who has won fans worldwide with his high-energy lessons, posted on YouTube‚Ä¶ https://t.co/vTfNDZzA3b",66
-0.4479,Fri Mar 23 14:33:40 +0000 2018,0.828,0.172,0.0,BBC,"RT @BBCOne: No @andy_murray, this is not a dream. @GeriHalliwell really IS in your bedroom making you sing Spice Girls songs üé§

@sportrelie‚Ä¶",67
0.5994,Fri Mar 23 14:03:08 +0000 2018,0.813,0.0,0.187,BBC,These beautiful photographs reveal how refugees in Tyneside have turned to the healing powers of gardening. üåøüì∏‚Ä¶ https://t.co/2gq0t9FnIR,68
-0.4767,Fri Mar 23 14:00:02 +0000 2018,0.871,0.129,0.0,BBC,"How would you react if you woke up and found Michael McIntyre and Peppa Pig in your bedroom? 

Poor @AndyMurray‚Ä¶

S‚Ä¶ https://t.co/7ZP0hUYeKr",69
0.6114,Fri Mar 23 13:33:04 +0000 2018,0.8,0.0,0.2,BBC,Spring is here! üå±üå∏ü•¶ Make the most of seasonal ingredients with these delicious soup recipes. https://t.co/fXp7eJXoJc https://t.co/hA1b2bdSrd,70
0.4939,Fri Mar 23 13:03:02 +0000 2018,0.741,0.0,0.259,BBC,"Want to get creative this weekend? Here's how to make a hooky rug. 
#MakeCraftBritain 
https://t.co/uqibyP09s7",71
0.0,Fri Mar 23 11:42:55 +0000 2018,1.0,0.0,0.0,BBC,RT @BBCSport: He was one of English football's first black players and the British Army's first ever black officer to command white troops.‚Ä¶,72
-0.2006,Fri Mar 23 11:42:51 +0000 2018,0.754,0.139,0.107,BBC,RT @BBCRadio2: üëª ‚ÄúI thought the script was really frightening and original.‚Äù Martin Freeman chats to @achrisevans about his creepy new film‚Ä¶,73
0.0,Fri Mar 23 11:42:48 +0000 2018,1.0,0.0,0.0,BBC,RT @BBCTwo: Our entire weekend plans. üò¥üëá #BigCatsAboutTheHouse https://t.co/vl0zUcCdmI,74
0.3612,Fri Mar 23 11:42:43 +0000 2018,0.872,0.0,0.128,BBC,"RT @sportrelief: It looks like #TeamGryffindor are storming ahead in the #HogwartsLeague in the #SportRelief app. 

#TeamHufflepuff, #TeamS‚Ä¶",75
0.2648,Fri Mar 23 11:30:05 +0000 2018,0.897,0.0,0.103,BBC,‚òïÔ∏èüç∞Some blueberry muffins sold by cafes and supermarkets contain more than the recommended daily intake of sugar fo‚Ä¶ https://t.co/9bh6K8aMH2,76
-0.6016,Fri Mar 23 10:33:01 +0000 2018,0.813,0.187,0.0,BBC,"Friday night is CELEBRITY FIGHT NIGHT! ü•äü•ä

Who'll be victorious? Tune in to #SportRelief to find out!

https://t.co/9ZhgNGmxOD",77
0.8555,Fri Mar 23 10:03:03 +0000 2018,0.657,0.0,0.343,BBC,"Scrolling through headlines, the world can feel like a pretty dark place. So here are nine reasons to be happy. üòä üéâ‚Ä¶ https://t.co/KrNoB0qaqC",78
0.765,Fri Mar 23 09:30:03 +0000 2018,0.583,0.0,0.417,BBC,"Would you want secret helpers like these to help you out in nerve-wracking situations? #TheSecretHelpers 
https://t.co/ua2X4vxKR3",79
0.0,Fri Mar 23 08:33:01 +0000 2018,1.0,0.0,0.0,BBC,"Meet the first polar bear cub to be born in the UK in 25 years. üòç
https://t.co/njq1r6eONE",80
0.0,Fri Mar 23 19:07:00 +0000 2018,1.0,0.0,0.0,BBC,"RT @BBCOne: .@GaryLineker, @OreOduba, @ThisisDavina &amp; more kick off the biggest ever night of #SportRelief now on @bbcone. @sportrelief 
Fo‚Ä¶",81
-0.296,Fri Mar 23 18:03:04 +0000 2018,0.864,0.136,0.0,BBC,From @taylorswift13 to @Beyonce: these are the secretive musicians who avoid interviews. üé§ü§ê https://t.co/nqOmaVMzoo https://t.co/sbDga7L5cp,82
0.0,Fri Mar 23 17:33:03 +0000 2018,1.0,0.0,0.0,BBC,"Tonight, @GaryLineker, @ThisisDavina and @OreOduba kick off the biggest ever night of @sportrelief! Ô∏è‚öΩÔ∏è‚ú®üö¥üéâ‚Ä¶ https://t.co/tgbpC76heP",83
0.0,Fri Mar 23 17:02:01 +0000 2018,1.0,0.0,0.0,BBC,"Your week, as told by @louistheroux. üìÜüòÇ
https://t.co/Ae6bDBpIBW",84
0.0,Fri Mar 23 16:27:45 +0000 2018,1.0,0.0,0.0,BBC,"RT @BBCWales: A #DanceForParkinsons session with @ndcwales for @GetCreativeUK in #Cardiff this week 

Find out what‚Äôs happening on the fina‚Ä¶",85
0.7783,Fri Mar 23 16:00:12 +0000 2018,0.714,0.0,0.286,BBC,"Meet Australian maths teacher Eddie Woo, who has won fans worldwide with his high-energy lessons, posted on YouTube‚Ä¶ https://t.co/vTfNDZzA3b",86
-0.4479,Fri Mar 23 14:33:40 +0000 2018,0.828,0.172,0.0,BBC,"RT @BBCOne: No @andy_murray, this is not a dream. @GeriHalliwell really IS in your bedroom making you sing Spice Girls songs üé§

@sportrelie‚Ä¶",87
0.5994,Fri Mar 23 14:03:08 +0000 2018,0.813,0.0,0.187,BBC,These beautiful photographs reveal how refugees in Tyneside have turned to the healing powers of gardening. üåøüì∏‚Ä¶ https://t.co/2gq0t9FnIR,88
-0.4767,Fri Mar 23 14:00:02 +0000 2018,0.871,0.129,0.0,BBC,"How would you react if you woke up and found Michael McIntyre and Peppa Pig in your bedroom? 

Poor @AndyMurray‚Ä¶

S‚Ä¶ https://t.co/7ZP0hUYeKr",89
0.6114,Fri Mar 23 13:33:04 +0000 2018,0.8,0.0,0.2,BBC,Spring is here! üå±üå∏ü•¶ Make the most of seasonal ingredients with these delicious soup recipes. https://t.co/fXp7eJXoJc https://t.co/hA1b2bdSrd,90
0.4939,Fri Mar 23 13:03:02 +0000 2018,0.741,0.0,0.259,BBC,"Want to get creative this weekend? Here's how to make a hooky rug. 
#MakeCraftBritain 
https://t.co/uqibyP09s7",91
0.0,Fri Mar 23 11:42:55 +0000 2018,1.0,0.0,0.0,BBC,RT @BBCSport: He was one of English football's first black players and the British Army's first ever black officer to command white troops.‚Ä¶,92
-0.2006,Fri Mar 23 11:42:51 +0000 2018,0.754,0.139,0.107,BBC,RT @BBCRadio2: üëª ‚ÄúI thought the script was really frightening and original.‚Äù Martin Freeman chats to @achrisevans about his creepy new film‚Ä¶,93
0.0,Fri Mar 23 11:42:48 +0000 2018,1.0,0.0,0.0,BBC,RT @BBCTwo: Our entire weekend plans. üò¥üëá #BigCatsAboutTheHouse https://t.co/vl0zUcCdmI,94
0.3612,Fri Mar 23 11:42:43 +0000 2018,0.872,0.0,0.128,BBC,"RT @sportrelief: It looks like #TeamGryffindor are storming ahead in the #HogwartsLeague in the #SportRelief app. 

#TeamHufflepuff, #TeamS‚Ä¶",95
0.2648,Fri Mar 23 11:30:05 +0000 2018,0.897,0.0,0.103,BBC,‚òïÔ∏èüç∞Some blueberry muffins sold by cafes and supermarkets contain more than the recommended daily intake of sugar fo‚Ä¶ https://t.co/9bh6K8aMH2,96
-0.6016,Fri Mar 23 10:33:01 +0000 2018,0.813,0.187,0.0,BBC,"Friday night is CELEBRITY FIGHT NIGHT! ü•äü•ä

Who'll be victorious? Tune in to #SportRelief to find out!

https://t.co/9ZhgNGmxOD",97
0.8555,Fri Mar 23 10:03:03 +0000 2018,0.657,0.0,0.343,BBC,"Scrolling through headlines, the world can feel like a pretty dark place. So here are nine reasons to be happy. üòä üéâ‚Ä¶ https://t.co/KrNoB0qaqC",98
0.765,Fri Mar 23 09:30:03 +0000 2018,0.583,0.0,0.417,BBC,"Would you want secret helpers like these to help you out in nerve-wracking situations? #TheSecretHelpers 
https://t.co/ua2X4vxKR3",99
0.0,Fri Mar 23 08:33:01 +0000 2018,1.0,0.0,0.0,BBC,"Meet the first polar bear cub to be born in the UK in 25 years. üòç
https://t.co/njq1r6eONE",100
0.6996,Fri Mar 23 22:33:52 +0000 2018,0.806,0.0,0.194,CBS,Get ready for some sweet games! Stream #5 Clemson vs #1 Kansas LIVE at 7PM ET and #11 Syracuse vs #2 Duke LIVE at 9‚Ä¶ https://t.co/4WstgrKNnW,1
0.4939,Fri Mar 23 22:33:04 +0000 2018,0.686,0.0,0.314,CBS,RT @SEALTeamCBS: In honor of #NationalPuppyDay... üòç #SEALTeam https://t.co/4mIZPpiRlU,2
0.8997,Fri Mar 23 22:32:48 +0000 2018,0.645,0.0,0.355,CBS,"RT @HawaiiFive0CBS: Nothing like a man and his dog! üòçüê∂ Happy #NationalPuppyDay to Eddie, the best pup on the Five-0 Task Force! #H50 https:‚Ä¶",3
0.0,Thu Mar 22 22:10:29 +0000 2018,1.0,0.0,0.0,CBS,Game on! 16 teams left and the race to the finish continues tonight. Stream #11 Loyola-Chicago vs #7 Nevada LIVE at‚Ä¶ https://t.co/W374rmzzoC,4
0.7081,Thu Mar 22 20:52:02 +0000 2018,0.623,0.066,0.311,CBS,Save the date! These are season finales you do NOT want to miss. RT if you're excited! https://t.co/UUQoWsPPSh https://t.co/cDl4WmxMtU,5
0.636,Thu Mar 22 00:23:38 +0000 2018,0.802,0.0,0.198,CBS,Congratulations to all of the @CBSDaytime nominees for the #DaytimeEmmys! See the full list of #DaytimeEmmy nominee‚Ä¶ https://t.co/ivJVJWvfsf,6
0.0,Wed Mar 21 18:00:01 +0000 2018,1.0,0.0,0.0,CBS,Female Vocalist Of The Year nominee @MarenMorris will show her fans how it‚Äôs done when she takes the stage to showc‚Ä¶ https://t.co/PITjmAoFT8,7
0.5106,Tue Mar 20 20:00:01 +0000 2018,0.858,0.0,0.142,CBS,The legendary @Reba returns to host the 53rd #ACMawards and she‚Äôs proving just how comfortable she is behind the mi‚Ä¶ https://t.co/XPXcSPRXqC,8
0.0,Tue Mar 20 17:58:43 +0000 2018,1.0,0.0,0.0,CBS,RT @nancyodell: Told my daughter I'd be presenting at @ACMawards again this year. (Woot woot!We both luv country music!)She took this pic o‚Ä¶,9
0.5562,Tue Mar 20 16:52:42 +0000 2018,0.826,0.0,0.174,CBS,RT @ladyantebellum: Ecstatic to announce we'll be performing at the #ACMawards in Las Vegas again this year! https://t.co/Qfhs94j6FR,10
0.0,Tue Mar 20 16:11:00 +0000 2018,1.0,0.0,0.0,CBS,"Country superstars @kennychesney, @ladyantebellum, @blakeshelton, and @KeithUrban have just been added to the stell‚Ä¶ https://t.co/bJ4If7MacP",11
0.7845,Mon Mar 19 21:02:26 +0000 2018,0.619,0.072,0.309,CBS,"RT @YandR_CBS: Forever evolving, Forever inspiring, Forever Young and Restless. ‚ù§Ô∏è Get ready to celebrate 45 years of #YR starting in just‚Ä¶",12
0.0,Sun Mar 18 23:44:30 +0000 2018,1.0,0.0,0.0,CBS,New start times in East/Central Time Zones: #60Minutes 7:37ET/6:37CT #Instinct series premiere 8:37ET/7:37CT‚Ä¶ https://t.co/xT3YKqmu2M,13
0.6514,Sun Mar 18 18:05:43 +0000 2018,0.787,0.0,0.213,CBS,Spend your Sunday streaming Second Round games LIVE with a FREE trial of CBS All Access! https://t.co/3P85rXLy4b https://t.co/zbWfirD9Ju,14
0.1867,Sun Mar 18 17:09:53 +0000 2018,0.92,0.0,0.08,CBS,"RT @instinctcbs: TONIGHT, Dr. Dylan Reinhart rewrites the book on abnormal behavior. Don't miss the premiere of #Instinct at 8/7c! https://‚Ä¶",15
0.0,Sat Mar 17 19:00:02 +0000 2018,1.0,0.0,0.0,CBS,"If any duo knows how to rock the stage, it's @FLAGALine. The Vocal Duo Of The Year nominee will perform live at the‚Ä¶ https://t.co/FknabB8NQp",16
0.6166,Sat Mar 17 17:42:43 +0000 2018,0.839,0.0,0.161,CBS,How is your bracket looking after last night? Stream Second Round games LIVE today with a FREE trial of CBS All Acc‚Ä¶ https://t.co/25JlIpgwog,17
0.7096,Sat Mar 17 14:00:03 +0000 2018,0.753,0.0,0.247,CBS,Where better to spend #StPatricksDay than the place everybody knows your name? It‚Äôs just your luck that every singl‚Ä¶ https://t.co/Fom5wmdENL,18
0.296,Fri Mar 16 22:53:21 +0000 2018,0.896,0.0,0.104,CBS,Stars @JakeMcDorman and Nik Dodani will join the cast in the upcoming revival of Murphy Brown coming to CBS.‚Ä¶ https://t.co/JCAx29lo0i,19
0.0,Fri Mar 16 18:15:53 +0000 2018,1.0,0.0,0.0,CBS,"RT @thegoodfight: Go behind the scenes with costume designer @DanLawsonStyle in ""Behind The Style,"" a new weekly video series all about the‚Ä¶",20
0.6996,Fri Mar 23 22:33:52 +0000 2018,0.806,0.0,0.194,CBS,Get ready for some sweet games! Stream #5 Clemson vs #1 Kansas LIVE at 7PM ET and #11 Syracuse vs #2 Duke LIVE at 9‚Ä¶ https://t.co/4WstgrKNnW,21
0.4939,Fri Mar 23 22:33:04 +0000 2018,0.686,0.0,0.314,CBS,RT @SEALTeamCBS: In honor of #NationalPuppyDay... üòç #SEALTeam https://t.co/4mIZPpiRlU,22
0.8997,Fri Mar 23 22:32:48 +0000 2018,0.645,0.0,0.355,CBS,"RT @HawaiiFive0CBS: Nothing like a man and his dog! üòçüê∂ Happy #NationalPuppyDay to Eddie, the best pup on the Five-0 Task Force! #H50 https:‚Ä¶",23
0.0,Thu Mar 22 22:10:29 +0000 2018,1.0,0.0,0.0,CBS,Game on! 16 teams left and the race to the finish continues tonight. Stream #11 Loyola-Chicago vs #7 Nevada LIVE at‚Ä¶ https://t.co/W374rmzzoC,24
0.7081,Thu Mar 22 20:52:02 +0000 2018,0.623,0.066,0.311,CBS,Save the date! These are season finales you do NOT want to miss. RT if you're excited! https://t.co/UUQoWsPPSh https://t.co/cDl4WmxMtU,25
0.636,Thu Mar 22 00:23:38 +0000 2018,0.802,0.0,0.198,CBS,Congratulations to all of the @CBSDaytime nominees for the #DaytimeEmmys! See the full list of #DaytimeEmmy nominee‚Ä¶ https://t.co/ivJVJWvfsf,26
0.0,Wed Mar 21 18:00:01 +0000 2018,1.0,0.0,0.0,CBS,Female Vocalist Of The Year nominee @MarenMorris will show her fans how it‚Äôs done when she takes the stage to showc‚Ä¶ https://t.co/PITjmAoFT8,27
0.5106,Tue Mar 20 20:00:01 +0000 2018,0.858,0.0,0.142,CBS,The legendary @Reba returns to host the 53rd #ACMawards and she‚Äôs proving just how comfortable she is behind the mi‚Ä¶ https://t.co/XPXcSPRXqC,28
0.0,Tue Mar 20 17:58:43 +0000 2018,1.0,0.0,0.0,CBS,RT @nancyodell: Told my daughter I'd be presenting at @ACMawards again this year. (Woot woot!We both luv country music!)She took this pic o‚Ä¶,29
0.5562,Tue Mar 20 16:52:42 +0000 2018,0.826,0.0,0.174,CBS,RT @ladyantebellum: Ecstatic to announce we'll be performing at the #ACMawards in Las Vegas again this year! https://t.co/Qfhs94j6FR,30
0.0,Tue Mar 20 16:11:00 +0000 2018,1.0,0.0,0.0,CBS,"Country superstars @kennychesney, @ladyantebellum, @blakeshelton, and @KeithUrban have just been added to the stell‚Ä¶ https://t.co/bJ4If7MacP",31
0.7845,Mon Mar 19 21:02:26 +0000 2018,0.619,0.072,0.309,CBS,"RT @YandR_CBS: Forever evolving, Forever inspiring, Forever Young and Restless. ‚ù§Ô∏è Get ready to celebrate 45 years of #YR starting in just‚Ä¶",32
0.0,Sun Mar 18 23:44:30 +0000 2018,1.0,0.0,0.0,CBS,New start times in East/Central Time Zones: #60Minutes 7:37ET/6:37CT #Instinct series premiere 8:37ET/7:37CT‚Ä¶ https://t.co/xT3YKqmu2M,33
0.6514,Sun Mar 18 18:05:43 +0000 2018,0.787,0.0,0.213,CBS,Spend your Sunday streaming Second Round games LIVE with a FREE trial of CBS All Access! https://t.co/3P85rXLy4b https://t.co/zbWfirD9Ju,34
0.1867,Sun Mar 18 17:09:53 +0000 2018,0.92,0.0,0.08,CBS,"RT @instinctcbs: TONIGHT, Dr. Dylan Reinhart rewrites the book on abnormal behavior. Don't miss the premiere of #Instinct at 8/7c! https://‚Ä¶",35
0.0,Sat Mar 17 19:00:02 +0000 2018,1.0,0.0,0.0,CBS,"If any duo knows how to rock the stage, it's @FLAGALine. The Vocal Duo Of The Year nominee will perform live at the‚Ä¶ https://t.co/FknabB8NQp",36
0.6166,Sat Mar 17 17:42:43 +0000 2018,0.839,0.0,0.161,CBS,How is your bracket looking after last night? Stream Second Round games LIVE today with a FREE trial of CBS All Acc‚Ä¶ https://t.co/25JlIpgwog,37
0.7096,Sat Mar 17 14:00:03 +0000 2018,0.753,0.0,0.247,CBS,Where better to spend #StPatricksDay than the place everybody knows your name? It‚Äôs just your luck that every singl‚Ä¶ https://t.co/Fom5wmdENL,38
0.296,Fri Mar 16 22:53:21 +0000 2018,0.896,0.0,0.104,CBS,Stars @JakeMcDorman and Nik Dodani will join the cast in the upcoming revival of Murphy Brown coming to CBS.‚Ä¶ https://t.co/JCAx29lo0i,39
0.0,Fri Mar 16 18:15:53 +0000 2018,1.0,0.0,0.0,CBS,"RT @thegoodfight: Go behind the scenes with costume designer @DanLawsonStyle in ""Behind The Style,"" a new weekly video series all about the‚Ä¶",40
0.6996,Fri Mar 23 22:33:52 +0000 2018,0.806,0.0,0.194,CBS,Get ready for some sweet games! Stream #5 Clemson vs #1 Kansas LIVE at 7PM ET and #11 Syracuse vs #2 Duke LIVE at 9‚Ä¶ https://t.co/4WstgrKNnW,41
0.4939,Fri Mar 23 22:33:04 +0000 2018,0.686,0.0,0.314,CBS,RT @SEALTeamCBS: In honor of #NationalPuppyDay... üòç #SEALTeam https://t.co/4mIZPpiRlU,42
0.8997,Fri Mar 23 22:32:48 +0000 2018,0.645,0.0,0.355,CBS,"RT @HawaiiFive0CBS: Nothing like a man and his dog! üòçüê∂ Happy #NationalPuppyDay to Eddie, the best pup on the Five-0 Task Force! #H50 https:‚Ä¶",43
0.0,Thu Mar 22 22:10:29 +0000 2018,1.0,0.0,0.0,CBS,Game on! 16 teams left and the race to the finish continues tonight. Stream #11 Loyola-Chicago vs #7 Nevada LIVE at‚Ä¶ https://t.co/W374rmzzoC,44
0.7081,Thu Mar 22 20:52:02 +0000 2018,0.623,0.066,0.311,CBS,Save the date! These are season finales you do NOT want to miss. RT if you're excited! https://t.co/UUQoWsPPSh https://t.co/cDl4WmxMtU,45
0.636,Thu Mar 22 00:23:38 +0000 2018,0.802,0.0,0.198,CBS,Congratulations to all of the @CBSDaytime nominees for the #DaytimeEmmys! See the full list of #DaytimeEmmy nominee‚Ä¶ https://t.co/ivJVJWvfsf,46
0.0,Wed Mar 21 18:00:01 +0000 2018,1.0,0.0,0.0,CBS,Female Vocalist Of The Year nominee @MarenMorris will show her fans how it‚Äôs done when she takes the stage to showc‚Ä¶ https://t.co/PITjmAoFT8,47
0.5106,Tue Mar 20 20:00:01 +0000 2018,0.858,0.0,0.142,CBS,The legendary @Reba returns to host the 53rd #ACMawards and she‚Äôs proving just how comfortable she is behind the mi‚Ä¶ https://t.co/XPXcSPRXqC,48
0.0,Tue Mar 20 17:58:43 +0000 2018,1.0,0.0,0.0,CBS,RT @nancyodell: Told my daughter I'd be presenting at @ACMawards again this year. (Woot woot!We both luv country music!)She took this pic o‚Ä¶,49
0.5562,Tue Mar 20 16:52:42 +0000 2018,0.826,0.0,0.174,CBS,RT @ladyantebellum: Ecstatic to announce we'll be performing at the #ACMawards in Las Vegas again this year! https://t.co/Qfhs94j6FR,50
0.0,Tue Mar 20 16:11:00 +0000 2018,1.0,0.0,0.0,CBS,"Country superstars @kennychesney, @ladyantebellum, @blakeshelton, and @KeithUrban have just been added to the stell‚Ä¶ https://t.co/bJ4If7MacP",51
0.7845,Mon Mar 19 21:02:26 +0000 2018,0.619,0.072,0.309,CBS,"RT @YandR_CBS: Forever evolving, Forever inspiring, Forever Young and Restless. ‚ù§Ô∏è Get ready to celebrate 45 years of #YR starting in just‚Ä¶",52
0.0,Sun Mar 18 23:44:30 +0000 2018,1.0,0.0,0.0,CBS,New start times in East/Central Time Zones: #60Minutes 7:37ET/6:37CT #Instinct series premiere 8:37ET/7:37CT‚Ä¶ https://t.co/xT3YKqmu2M,53
0.6514,Sun Mar 18 18:05:43 +0000 2018,0.787,0.0,0.213,CBS,Spend your Sunday streaming Second Round games LIVE with a FREE trial of CBS All Access! https://t.co/3P85rXLy4b https://t.co/zbWfirD9Ju,54
0.1867,Sun Mar 18 17:09:53 +0000 2018,0.92,0.0,0.08,CBS,"RT @instinctcbs: TONIGHT, Dr. Dylan Reinhart rewrites the book on abnormal behavior. Don't miss the premiere of #Instinct at 8/7c! https://‚Ä¶",55
0.0,Sat Mar 17 19:00:02 +0000 2018,1.0,0.0,0.0,CBS,"If any duo knows how to rock the stage, it's @FLAGALine. The Vocal Duo Of The Year nominee will perform live at the‚Ä¶ https://t.co/FknabB8NQp",56
0.6166,Sat Mar 17 17:42:43 +0000 2018,0.839,0.0,0.161,CBS,How is your bracket looking after last night? Stream Second Round games LIVE today with a FREE trial of CBS All Acc‚Ä¶ https://t.co/25JlIpgwog,57
0.7096,Sat Mar 17 14:00:03 +0000 2018,0.753,0.0,0.247,CBS,Where better to spend #StPatricksDay than the place everybody knows your name? It‚Äôs just your luck that every singl‚Ä¶ https://t.co/Fom5wmdENL,58
0.296,Fri Mar 16 22:53:21 +0000 2018,0.896,0.0,0.104,CBS,Stars @JakeMcDorman and Nik Dodani will join the cast in the upcoming revival of Murphy Brown coming to CBS.‚Ä¶ https://t.co/JCAx29lo0i,59
0.0,Fri Mar 16 18:15:53 +0000 2018,1.0,0.0,0.0,CBS,"RT @thegoodfight: Go behind the scenes with costume designer @DanLawsonStyle in ""Behind The Style,"" a new weekly video series all about the‚Ä¶",60
0.6996,Fri Mar 23 22:33:52 +0000 2018,0.806,0.0,0.194,CBS,Get ready for some sweet games! Stream #5 Clemson vs #1 Kansas LIVE at 7PM ET and #11 Syracuse vs #2 Duke LIVE at 9‚Ä¶ https://t.co/4WstgrKNnW,61
0.4939,Fri Mar 23 22:33:04 +0000 2018,0.686,0.0,0.314,CBS,RT @SEALTeamCBS: In honor of #NationalPuppyDay... üòç #SEALTeam https://t.co/4mIZPpiRlU,62
0.8997,Fri Mar 23 22:32:48 +0000 2018,0.645,0.0,0.355,CBS,"RT @HawaiiFive0CBS: Nothing like a man and his dog! üòçüê∂ Happy #NationalPuppyDay to Eddie, the best pup on the Five-0 Task Force! #H50 https:‚Ä¶",63
0.0,Thu Mar 22 22:10:29 +0000 2018,1.0,0.0,0.0,CBS,Game on! 16 teams left and the race to the finish continues tonight. Stream #11 Loyola-Chicago vs #7 Nevada LIVE at‚Ä¶ https://t.co/W374rmzzoC,64
0.7081,Thu Mar 22 20:52:02 +0000 2018,0.623,0.066,0.311,CBS,Save the date! These are season finales you do NOT want to miss. RT if you're excited! https://t.co/UUQoWsPPSh https://t.co/cDl4WmxMtU,65
0.636,Thu Mar 22 00:23:38 +0000 2018,0.802,0.0,0.198,CBS,Congratulations to all of the @CBSDaytime nominees for the #DaytimeEmmys! See the full list of #DaytimeEmmy nominee‚Ä¶ https://t.co/ivJVJWvfsf,66
0.0,Wed Mar 21 18:00:01 +0000 2018,1.0,0.0,0.0,CBS,Female Vocalist Of The Year nominee @MarenMorris will show her fans how it‚Äôs done when she takes the stage to showc‚Ä¶ https://t.co/PITjmAoFT8,67
0.5106,Tue Mar 20 20:00:01 +0000 2018,0.858,0.0,0.142,CBS,The legendary @Reba returns to host the 53rd #ACMawards and she‚Äôs proving just how comfortable she is behind the mi‚Ä¶ https://t.co/XPXcSPRXqC,68
0.0,Tue Mar 20 17:58:43 +0000 2018,1.0,0.0,0.0,CBS,RT @nancyodell: Told my daughter I'd be presenting at @ACMawards again this year. (Woot woot!We both luv country music!)She took this pic o‚Ä¶,69
0.5562,Tue Mar 20 16:52:42 +0000 2018,0.826,0.0,0.174,CBS,RT @ladyantebellum: Ecstatic to announce we'll be performing at the #ACMawards in Las Vegas again this year! https://t.co/Qfhs94j6FR,70
0.0,Tue Mar 20 16:11:00 +0000 2018,1.0,0.0,0.0,CBS,"Country superstars @kennychesney, @ladyantebellum, @blakeshelton, and @KeithUrban have just been added to the stell‚Ä¶ https://t.co/bJ4If7MacP",71
0.7845,Mon Mar 19 21:02:26 +0000 2018,0.619,0.072,0.309,CBS,"RT @YandR_CBS: Forever evolving, Forever inspiring, Forever Young and Restless. ‚ù§Ô∏è Get ready to celebrate 45 years of #YR starting in just‚Ä¶",72
0.0,Sun Mar 18 23:44:30 +0000 2018,1.0,0.0,0.0,CBS,New start times in East/Central Time Zones: #60Minutes 7:37ET/6:37CT #Instinct series premiere 8:37ET/7:37CT‚Ä¶ https://t.co/xT3YKqmu2M,73
0.6514,Sun Mar 18 18:05:43 +0000 2018,0.787,0.0,0.213,CBS,Spend your Sunday streaming Second Round games LIVE with a FREE trial of CBS All Access! https://t.co/3P85rXLy4b https://t.co/zbWfirD9Ju,74
0.1867,Sun Mar 18 17:09:53 +0000 2018,0.92,0.0,0.08,CBS,"RT @instinctcbs: TONIGHT, Dr. Dylan Reinhart rewrites the book on abnormal behavior. Don't miss the premiere of #Instinct at 8/7c! https://‚Ä¶",75
0.0,Sat Mar 17 19:00:02 +0000 2018,1.0,0.0,0.0,CBS,"If any duo knows how to rock the stage, it's @FLAGALine. The Vocal Duo Of The Year nominee will perform live at the‚Ä¶ https://t.co/FknabB8NQp",76
0.6166,Sat Mar 17 17:42:43 +0000 2018,0.839,0.0,0.161,CBS,How is your bracket looking after last night? Stream Second Round games LIVE today with a FREE trial of CBS All Acc‚Ä¶ https://t.co/25JlIpgwog,77
0.7096,Sat Mar 17 14:00:03 +0000 2018,0.753,0.0,0.247,CBS,Where better to spend #StPatricksDay than the place everybody knows your name? It‚Äôs just your luck that every singl‚Ä¶ https://t.co/Fom5wmdENL,78
0.296,Fri Mar 16 22:53:21 +0000 2018,0.896,0.0,0.104,CBS,Stars @JakeMcDorman and Nik Dodani will join the cast in the upcoming revival of Murphy Brown coming to CBS.‚Ä¶ https://t.co/JCAx29lo0i,79
0.0,Fri Mar 16 18:15:53 +0000 2018,1.0,0.0,0.0,CBS,"RT @thegoodfight: Go behind the scenes with costume designer @DanLawsonStyle in ""Behind The Style,"" a new weekly video series all about the‚Ä¶",80
0.6996,Fri Mar 23 22:33:52 +0000 2018,0.806,0.0,0.194,CBS,Get ready for some sweet games! Stream #5 Clemson vs #1 Kansas LIVE at 7PM ET and #11 Syracuse vs #2 Duke LIVE at 9‚Ä¶ https://t.co/4WstgrKNnW,81
0.4939,Fri Mar 23 22:33:04 +0000 2018,0.686,0.0,0.314,CBS,RT @SEALTeamCBS: In honor of #NationalPuppyDay... üòç #SEALTeam https://t.co/4mIZPpiRlU,82
0.8997,Fri Mar 23 22:32:48 +0000 2018,0.645,0.0,0.355,CBS,"RT @HawaiiFive0CBS: Nothing like a man and his dog! üòçüê∂ Happy #NationalPuppyDay to Eddie, the best pup on the Five-0 Task Force! #H50 https:‚Ä¶",83
0.0,Thu Mar 22 22:10:29 +0000 2018,1.0,0.0,0.0,CBS,Game on! 16 teams left and the race to the finish continues tonight. Stream #11 Loyola-Chicago vs #7 Nevada LIVE at‚Ä¶ https://t.co/W374rmzzoC,84
0.7081,Thu Mar 22 20:52:02 +0000 2018,0.623,0.066,0.311,CBS,Save the date! These are season finales you do NOT want to miss. RT if you're excited! https://t.co/UUQoWsPPSh https://t.co/cDl4WmxMtU,85
0.636,Thu Mar 22 00:23:38 +0000 2018,0.802,0.0,0.198,CBS,Congratulations to all of the @CBSDaytime nominees for the #DaytimeEmmys! See the full list of #DaytimeEmmy nominee‚Ä¶ https://t.co/ivJVJWvfsf,86
0.0,Wed Mar 21 18:00:01 +0000 2018,1.0,0.0,0.0,CBS,Female Vocalist Of The Year nominee @MarenMorris will show her fans how it‚Äôs done when she takes the stage to showc‚Ä¶ https://t.co/PITjmAoFT8,87
0.5106,Tue Mar 20 20:00:01 +0000 2018,0.858,0.0,0.142,CBS,The legendary @Reba returns to host the 53rd #ACMawards and she‚Äôs proving just how comfortable she is behind the mi‚Ä¶ https://t.co/XPXcSPRXqC,88
0.0,Tue Mar 20 17:58:43 +0000 2018,1.0,0.0,0.0,CBS,RT @nancyodell: Told my daughter I'd be presenting at @ACMawards again this year. (Woot woot!We both luv country music!)She took this pic o‚Ä¶,89
0.5562,Tue Mar 20 16:52:42 +0000 2018,0.826,0.0,0.174,CBS,RT @ladyantebellum: Ecstatic to announce we'll be performing at the #ACMawards in Las Vegas again this year! https://t.co/Qfhs94j6FR,90
0.0,Tue Mar 20 16:11:00 +0000 2018,1.0,0.0,0.0,CBS,"Country superstars @kennychesney, @ladyantebellum, @blakeshelton, and @KeithUrban have just been added to the stell‚Ä¶ https://t.co/bJ4If7MacP",91
0.7845,Mon Mar 19 21:02:26 +0000 2018,0.619,0.072,0.309,CBS,"RT @YandR_CBS: Forever evolving, Forever inspiring, Forever Young and Restless. ‚ù§Ô∏è Get ready to celebrate 45 years of #YR starting in just‚Ä¶",92
0.0,Sun Mar 18 23:44:30 +0000 2018,1.0,0.0,0.0,CBS,New start times in East/Central Time Zones: #60Minutes 7:37ET/6:37CT #Instinct series premiere 8:37ET/7:37CT‚Ä¶ https://t.co/xT3YKqmu2M,93
0.6514,Sun Mar 18 18:05:43 +0000 2018,0.787,0.0,0.213,CBS,Spend your Sunday streaming Second Round games LIVE with a FREE trial of CBS All Access! https://t.co/3P85rXLy4b https://t.co/zbWfirD9Ju,94
0.1867,Sun Mar 18 17:09:53 +0000 2018,0.92,0.0,0.08,CBS,"RT @instinctcbs: TONIGHT, Dr. Dylan Reinhart rewrites the book on abnormal behavior. Don't miss the premiere of #Instinct at 8/7c! https://‚Ä¶",95
0.0,Sat Mar 17 19:00:02 +0000 2018,1.0,0.0,0.0,CBS,"If any duo knows how to rock the stage, it's @FLAGALine. The Vocal Duo Of The Year nominee will perform live at the‚Ä¶ https://t.co/FknabB8NQp",96
0.6166,Sat Mar 17 17:42:43 +0000 2018,0.839,0.0,0.161,CBS,How is your bracket looking after last night? Stream Second Round games LIVE today with a FREE trial of CBS All Acc‚Ä¶ https://t.co/25JlIpgwog,97
0.7096,Sat Mar 17 14:00:03 +0000 2018,0.753,0.0,0.247,CBS,Where better to spend #StPatricksDay than the place everybody knows your name? It‚Äôs just your luck that every singl‚Ä¶ https://t.co/Fom5wmdENL,98
0.296,Fri Mar 16 22:53:21 +0000 2018,0.896,0.0,0.104,CBS,Stars @JakeMcDorman and Nik Dodani will join the cast in the upcoming revival of Murphy Brown coming to CBS.‚Ä¶ https://t.co/JCAx29lo0i,99
0.0,Fri Mar 16 18:15:53 +0000 2018,1.0,0.0,0.0,CBS,"RT @thegoodfight: Go behind the scenes with costume designer @DanLawsonStyle in ""Behind The Style,"" a new weekly video series all about the‚Ä¶",100
0.2846,Sat Mar 24 04:47:27 +0000 2018,0.634,0.15,0.216,CNN,These New York police officers were outnumbered in this adorable snowball fight https://t.co/BOxryZ3vmA,1
0.0,Sat Mar 24 04:31:05 +0000 2018,1.0,0.0,0.0,CNN,"K-pop group Red Velvet will be part of a group of South Korean pop stars who will be performing in Pyongyang, North‚Ä¶ https://t.co/KUetUTpnKz",2
0.0,Sat Mar 24 04:16:01 +0000 2018,1.0,0.0,0.0,CNN,Elon Musk nonchalantly erased Tesla and SpaceX from Facebook https://t.co/qMDTGmYeVE https://t.co/gzNLaDAlAU,3
-0.7096,Sat Mar 24 04:08:06 +0000 2018,0.763,0.237,0.0,CNN,"When a gunman killed 26 at her school, Lauren Milgram, then just 6, hid in a bathroom. Now, the 12-year-old is marc‚Ä¶ https://t.co/ki9WVaTFdx",4
-0.5574,Sat Mar 24 04:01:01 +0000 2018,0.833,0.167,0.0,CNN,"Sudan, a northern white rhino and the last male of his subspecies, has died. Photographer @Amivee chronicled the fi‚Ä¶ https://t.co/4sYmt1UnBA",5
0.3182,Sat Mar 24 03:54:21 +0000 2018,0.881,0.0,0.119,CNN,"North Korea accepts South Korea‚Äôs proposal to hold high-level talks on March 29, Seoul's Unification Ministry says‚Ä¶ https://t.co/NklKxXah6N",6
0.7096,Sat Mar 24 03:45:18 +0000 2018,0.642,0.087,0.272,CNN,How much of a struggle is it for transgender or intersex individuals to find acceptance and love in modern-day Indi‚Ä¶ https://t.co/tIuvh9nxQY,7
-0.1796,Sat Mar 24 03:36:03 +0000 2018,0.693,0.169,0.138,CNN,The Trump era has been very good to Iraq War hawks | Analysis by CNN's Gregory Krieg https://t.co/V7rmQ91TcY https://t.co/bTKR2Vtt6C,8
0.128,Sat Mar 24 03:31:06 +0000 2018,0.919,0.0,0.081,CNN,At least one investigation has been launched into how a senior adviser to Veterans Affairs Secretary David Shulkin‚Ä¶ https://t.co/obTgPuXNkK,9
-0.5423,Sat Mar 24 03:16:04 +0000 2018,0.8,0.2,0.0,CNN,"A video shows a fatal police shooting of an Illinois woman, and her family wants answers https://t.co/22G4LKFKj8",10
0.0,Sat Mar 24 03:07:37 +0000 2018,1.0,0.0,0.0,CNN,The 26 oddest lines from Donald Trump's totally bizarro omnibus signing announcement | Analysis by CNN's Chris Cill‚Ä¶ https://t.co/a8gg0xIxix,11
0.0,Sat Mar 24 03:01:02 +0000 2018,0.769,0.115,0.115,CNN,Exclusive: Inside the base that would oversee a US nuclear strike https://t.co/KIFZL3gMMz https://t.co/fpqL5PGdqW,12
0.0,Sat Mar 24 02:51:23 +0000 2018,1.0,0.0,0.0,CNN,"Why I'm marching on Saturday ... in a wheelchair || Karina Vargas, who was shot outside her school in Colorado, wri‚Ä¶ https://t.co/NlVwhhbu8C",13
-0.5574,Sat Mar 24 02:46:03 +0000 2018,0.847,0.153,0.0,CNN,"Five years on, Chinese doctor Zhang Qimao still simmers with rage over what happened to her when she reported a sex‚Ä¶ https://t.co/adCpsQVwZg",14
-0.5574,Sat Mar 24 02:37:07 +0000 2018,0.833,0.167,0.0,CNN,RT @CNNTonight: The White House announces a policy to ban most transgender troops from serving in the military https://t.co/L8gejLhYc9 http‚Ä¶,15
0.743,Sat Mar 24 02:36:48 +0000 2018,0.76,0.0,0.24,CNN,"RT @AC360: Former Cambridge Analytica staff say a super PAC run by John Bolton, President Trump's new national security adviser, used the c‚Ä¶",16
-0.3818,Sat Mar 24 02:35:41 +0000 2018,0.86,0.14,0.0,CNN,"With Lt. Gen H.R. McMaster's departure, the White House is losing a real warrior, writes @peterbergencnn via‚Ä¶ https://t.co/dSVJ5WvKgM",17
-0.2732,Sat Mar 24 02:30:18 +0000 2018,0.9,0.1,0.0,CNN,The lawyer representing the porn star suing President Donald Trump called a tweet he posted of an apparent data dis‚Ä¶ https://t.co/Y8bkEh0OmG,18
-0.5719,Sat Mar 24 02:16:07 +0000 2018,0.793,0.207,0.0,CNN,"Former Deputy FBI Director Andrew McCabe is speaking out about his recent firing, saying the allegations of ""lack o‚Ä¶ https://t.co/k2ORmOkeeH",19
-0.2732,Sat Mar 24 02:09:35 +0000 2018,0.913,0.087,0.0,CNN,Why build a bigger cruise ship when you can just cut one in half and add an extra 50 feet to the middle?‚Ä¶ https://t.co/Gk41THywKV,20
0.2846,Sat Mar 24 04:47:27 +0000 2018,0.634,0.15,0.216,CNN,These New York police officers were outnumbered in this adorable snowball fight https://t.co/BOxryZ3vmA,21
0.0,Sat Mar 24 04:31:05 +0000 2018,1.0,0.0,0.0,CNN,"K-pop group Red Velvet will be part of a group of South Korean pop stars who will be performing in Pyongyang, North‚Ä¶ https://t.co/KUetUTpnKz",22
0.0,Sat Mar 24 04:16:01 +0000 2018,1.0,0.0,0.0,CNN,Elon Musk nonchalantly erased Tesla and SpaceX from Facebook https://t.co/qMDTGmYeVE https://t.co/gzNLaDAlAU,23
-0.7096,Sat Mar 24 04:08:06 +0000 2018,0.763,0.237,0.0,CNN,"When a gunman killed 26 at her school, Lauren Milgram, then just 6, hid in a bathroom. Now, the 12-year-old is marc‚Ä¶ https://t.co/ki9WVaTFdx",24
-0.5574,Sat Mar 24 04:01:01 +0000 2018,0.833,0.167,0.0,CNN,"Sudan, a northern white rhino and the last male of his subspecies, has died. Photographer @Amivee chronicled the fi‚Ä¶ https://t.co/4sYmt1UnBA",25
0.3182,Sat Mar 24 03:54:21 +0000 2018,0.881,0.0,0.119,CNN,"North Korea accepts South Korea‚Äôs proposal to hold high-level talks on March 29, Seoul's Unification Ministry says‚Ä¶ https://t.co/NklKxXah6N",26
0.7096,Sat Mar 24 03:45:18 +0000 2018,0.642,0.087,0.272,CNN,How much of a struggle is it for transgender or intersex individuals to find acceptance and love in modern-day Indi‚Ä¶ https://t.co/tIuvh9nxQY,27
-0.1796,Sat Mar 24 03:36:03 +0000 2018,0.693,0.169,0.138,CNN,The Trump era has been very good to Iraq War hawks | Analysis by CNN's Gregory Krieg https://t.co/V7rmQ91TcY https://t.co/bTKR2Vtt6C,28
0.128,Sat Mar 24 03:31:06 +0000 2018,0.919,0.0,0.081,CNN,At least one investigation has been launched into how a senior adviser to Veterans Affairs Secretary David Shulkin‚Ä¶ https://t.co/obTgPuXNkK,29
-0.5423,Sat Mar 24 03:16:04 +0000 2018,0.8,0.2,0.0,CNN,"A video shows a fatal police shooting of an Illinois woman, and her family wants answers https://t.co/22G4LKFKj8",30
0.0,Sat Mar 24 03:07:37 +0000 2018,1.0,0.0,0.0,CNN,The 26 oddest lines from Donald Trump's totally bizarro omnibus signing announcement | Analysis by CNN's Chris Cill‚Ä¶ https://t.co/a8gg0xIxix,31
0.0,Sat Mar 24 03:01:02 +0000 2018,0.769,0.115,0.115,CNN,Exclusive: Inside the base that would oversee a US nuclear strike https://t.co/KIFZL3gMMz https://t.co/fpqL5PGdqW,32
0.0,Sat Mar 24 02:51:23 +0000 2018,1.0,0.0,0.0,CNN,"Why I'm marching on Saturday ... in a wheelchair || Karina Vargas, who was shot outside her school in Colorado, wri‚Ä¶ https://t.co/NlVwhhbu8C",33
-0.5574,Sat Mar 24 02:46:03 +0000 2018,0.847,0.153,0.0,CNN,"Five years on, Chinese doctor Zhang Qimao still simmers with rage over what happened to her when she reported a sex‚Ä¶ https://t.co/adCpsQVwZg",34
-0.5574,Sat Mar 24 02:37:07 +0000 2018,0.833,0.167,0.0,CNN,RT @CNNTonight: The White House announces a policy to ban most transgender troops from serving in the military https://t.co/L8gejLhYc9 http‚Ä¶,35
0.743,Sat Mar 24 02:36:48 +0000 2018,0.76,0.0,0.24,CNN,"RT @AC360: Former Cambridge Analytica staff say a super PAC run by John Bolton, President Trump's new national security adviser, used the c‚Ä¶",36
-0.3818,Sat Mar 24 02:35:41 +0000 2018,0.86,0.14,0.0,CNN,"With Lt. Gen H.R. McMaster's departure, the White House is losing a real warrior, writes @peterbergencnn via‚Ä¶ https://t.co/dSVJ5WvKgM",37
-0.2732,Sat Mar 24 02:30:18 +0000 2018,0.9,0.1,0.0,CNN,The lawyer representing the porn star suing President Donald Trump called a tweet he posted of an apparent data dis‚Ä¶ https://t.co/Y8bkEh0OmG,38
-0.5719,Sat Mar 24 02:16:07 +0000 2018,0.793,0.207,0.0,CNN,"Former Deputy FBI Director Andrew McCabe is speaking out about his recent firing, saying the allegations of ""lack o‚Ä¶ https://t.co/k2ORmOkeeH",39
-0.2732,Sat Mar 24 02:09:35 +0000 2018,0.913,0.087,0.0,CNN,Why build a bigger cruise ship when you can just cut one in half and add an extra 50 feet to the middle?‚Ä¶ https://t.co/Gk41THywKV,40
0.2846,Sat Mar 24 04:47:27 +0000 2018,0.634,0.15,0.216,CNN,These New York police officers were outnumbered in this adorable snowball fight https://t.co/BOxryZ3vmA,41
0.0,Sat Mar 24 04:31:05 +0000 2018,1.0,0.0,0.0,CNN,"K-pop group Red Velvet will be part of a group of South Korean pop stars who will be performing in Pyongyang, North‚Ä¶ https://t.co/KUetUTpnKz",42
0.0,Sat Mar 24 04:16:01 +0000 2018,1.0,0.0,0.0,CNN,Elon Musk nonchalantly erased Tesla and SpaceX from Facebook https://t.co/qMDTGmYeVE https://t.co/gzNLaDAlAU,43
-0.7096,Sat Mar 24 04:08:06 +0000 2018,0.763,0.237,0.0,CNN,"When a gunman killed 26 at her school, Lauren Milgram, then just 6, hid in a bathroom. Now, the 12-year-old is marc‚Ä¶ https://t.co/ki9WVaTFdx",44
-0.5574,Sat Mar 24 04:01:01 +0000 2018,0.833,0.167,0.0,CNN,"Sudan, a northern white rhino and the last male of his subspecies, has died. Photographer @Amivee chronicled the fi‚Ä¶ https://t.co/4sYmt1UnBA",45
0.3182,Sat Mar 24 03:54:21 +0000 2018,0.881,0.0,0.119,CNN,"North Korea accepts South Korea‚Äôs proposal to hold high-level talks on March 29, Seoul's Unification Ministry says‚Ä¶ https://t.co/NklKxXah6N",46
0.7096,Sat Mar 24 03:45:18 +0000 2018,0.642,0.087,0.272,CNN,How much of a struggle is it for transgender or intersex individuals to find acceptance and love in modern-day Indi‚Ä¶ https://t.co/tIuvh9nxQY,47
-0.1796,Sat Mar 24 03:36:03 +0000 2018,0.693,0.169,0.138,CNN,The Trump era has been very good to Iraq War hawks | Analysis by CNN's Gregory Krieg https://t.co/V7rmQ91TcY https://t.co/bTKR2Vtt6C,48
0.128,Sat Mar 24 03:31:06 +0000 2018,0.919,0.0,0.081,CNN,At least one investigation has been launched into how a senior adviser to Veterans Affairs Secretary David Shulkin‚Ä¶ https://t.co/obTgPuXNkK,49
-0.5423,Sat Mar 24 03:16:04 +0000 2018,0.8,0.2,0.0,CNN,"A video shows a fatal police shooting of an Illinois woman, and her family wants answers https://t.co/22G4LKFKj8",50
0.0,Sat Mar 24 03:07:37 +0000 2018,1.0,0.0,0.0,CNN,The 26 oddest lines from Donald Trump's totally bizarro omnibus signing announcement | Analysis by CNN's Chris Cill‚Ä¶ https://t.co/a8gg0xIxix,51
0.0,Sat Mar 24 03:01:02 +0000 2018,0.769,0.115,0.115,CNN,Exclusive: Inside the base that would oversee a US nuclear strike https://t.co/KIFZL3gMMz https://t.co/fpqL5PGdqW,52
0.0,Sat Mar 24 02:51:23 +0000 2018,1.0,0.0,0.0,CNN,"Why I'm marching on Saturday ... in a wheelchair || Karina Vargas, who was shot outside her school in Colorado, wri‚Ä¶ https://t.co/NlVwhhbu8C",53
-0.5574,Sat Mar 24 02:46:03 +0000 2018,0.847,0.153,0.0,CNN,"Five years on, Chinese doctor Zhang Qimao still simmers with rage over what happened to her when she reported a sex‚Ä¶ https://t.co/adCpsQVwZg",54
-0.5574,Sat Mar 24 02:37:07 +0000 2018,0.833,0.167,0.0,CNN,RT @CNNTonight: The White House announces a policy to ban most transgender troops from serving in the military https://t.co/L8gejLhYc9 http‚Ä¶,55
0.743,Sat Mar 24 02:36:48 +0000 2018,0.76,0.0,0.24,CNN,"RT @AC360: Former Cambridge Analytica staff say a super PAC run by John Bolton, President Trump's new national security adviser, used the c‚Ä¶",56
-0.3818,Sat Mar 24 02:35:41 +0000 2018,0.86,0.14,0.0,CNN,"With Lt. Gen H.R. McMaster's departure, the White House is losing a real warrior, writes @peterbergencnn via‚Ä¶ https://t.co/dSVJ5WvKgM",57
-0.2732,Sat Mar 24 02:30:18 +0000 2018,0.9,0.1,0.0,CNN,The lawyer representing the porn star suing President Donald Trump called a tweet he posted of an apparent data dis‚Ä¶ https://t.co/Y8bkEh0OmG,58
-0.5719,Sat Mar 24 02:16:07 +0000 2018,0.793,0.207,0.0,CNN,"Former Deputy FBI Director Andrew McCabe is speaking out about his recent firing, saying the allegations of ""lack o‚Ä¶ https://t.co/k2ORmOkeeH",59
-0.2732,Sat Mar 24 02:09:35 +0000 2018,0.913,0.087,0.0,CNN,Why build a bigger cruise ship when you can just cut one in half and add an extra 50 feet to the middle?‚Ä¶ https://t.co/Gk41THywKV,60
0.2846,Sat Mar 24 04:47:27 +0000 2018,0.634,0.15,0.216,CNN,These New York police officers were outnumbered in this adorable snowball fight https://t.co/BOxryZ3vmA,61
0.0,Sat Mar 24 04:31:05 +0000 2018,1.0,0.0,0.0,CNN,"K-pop group Red Velvet will be part of a group of South Korean pop stars who will be performing in Pyongyang, North‚Ä¶ https://t.co/KUetUTpnKz",62
0.0,Sat Mar 24 04:16:01 +0000 2018,1.0,0.0,0.0,CNN,Elon Musk nonchalantly erased Tesla and SpaceX from Facebook https://t.co/qMDTGmYeVE https://t.co/gzNLaDAlAU,63
-0.7096,Sat Mar 24 04:08:06 +0000 2018,0.763,0.237,0.0,CNN,"When a gunman killed 26 at her school, Lauren Milgram, then just 6, hid in a bathroom. Now, the 12-year-old is marc‚Ä¶ https://t.co/ki9WVaTFdx",64
-0.5574,Sat Mar 24 04:01:01 +0000 2018,0.833,0.167,0.0,CNN,"Sudan, a northern white rhino and the last male of his subspecies, has died. Photographer @Amivee chronicled the fi‚Ä¶ https://t.co/4sYmt1UnBA",65
0.3182,Sat Mar 24 03:54:21 +0000 2018,0.881,0.0,0.119,CNN,"North Korea accepts South Korea‚Äôs proposal to hold high-level talks on March 29, Seoul's Unification Ministry says‚Ä¶ https://t.co/NklKxXah6N",66
0.7096,Sat Mar 24 03:45:18 +0000 2018,0.642,0.087,0.272,CNN,How much of a struggle is it for transgender or intersex individuals to find acceptance and love in modern-day Indi‚Ä¶ https://t.co/tIuvh9nxQY,67
-0.1796,Sat Mar 24 03:36:03 +0000 2018,0.693,0.169,0.138,CNN,The Trump era has been very good to Iraq War hawks | Analysis by CNN's Gregory Krieg https://t.co/V7rmQ91TcY https://t.co/bTKR2Vtt6C,68
0.128,Sat Mar 24 03:31:06 +0000 2018,0.919,0.0,0.081,CNN,At least one investigation has been launched into how a senior adviser to Veterans Affairs Secretary David Shulkin‚Ä¶ https://t.co/obTgPuXNkK,69
-0.5423,Sat Mar 24 03:16:04 +0000 2018,0.8,0.2,0.0,CNN,"A video shows a fatal police shooting of an Illinois woman, and her family wants answers https://t.co/22G4LKFKj8",70
0.0,Sat Mar 24 03:07:37 +0000 2018,1.0,0.0,0.0,CNN,The 26 oddest lines from Donald Trump's totally bizarro omnibus signing announcement | Analysis by CNN's Chris Cill‚Ä¶ https://t.co/a8gg0xIxix,71
0.0,Sat Mar 24 03:01:02 +0000 2018,0.769,0.115,0.115,CNN,Exclusive: Inside the base that would oversee a US nuclear strike https://t.co/KIFZL3gMMz https://t.co/fpqL5PGdqW,72
0.0,Sat Mar 24 02:51:23 +0000 2018,1.0,0.0,0.0,CNN,"Why I'm marching on Saturday ... in a wheelchair || Karina Vargas, who was shot outside her school in Colorado, wri‚Ä¶ https://t.co/NlVwhhbu8C",73
-0.5574,Sat Mar 24 02:46:03 +0000 2018,0.847,0.153,0.0,CNN,"Five years on, Chinese doctor Zhang Qimao still simmers with rage over what happened to her when she reported a sex‚Ä¶ https://t.co/adCpsQVwZg",74
-0.5574,Sat Mar 24 02:37:07 +0000 2018,0.833,0.167,0.0,CNN,RT @CNNTonight: The White House announces a policy to ban most transgender troops from serving in the military https://t.co/L8gejLhYc9 http‚Ä¶,75
0.743,Sat Mar 24 02:36:48 +0000 2018,0.76,0.0,0.24,CNN,"RT @AC360: Former Cambridge Analytica staff say a super PAC run by John Bolton, President Trump's new national security adviser, used the c‚Ä¶",76
-0.3818,Sat Mar 24 02:35:41 +0000 2018,0.86,0.14,0.0,CNN,"With Lt. Gen H.R. McMaster's departure, the White House is losing a real warrior, writes @peterbergencnn via‚Ä¶ https://t.co/dSVJ5WvKgM",77
-0.2732,Sat Mar 24 02:30:18 +0000 2018,0.9,0.1,0.0,CNN,The lawyer representing the porn star suing President Donald Trump called a tweet he posted of an apparent data dis‚Ä¶ https://t.co/Y8bkEh0OmG,78
-0.5719,Sat Mar 24 02:16:07 +0000 2018,0.793,0.207,0.0,CNN,"Former Deputy FBI Director Andrew McCabe is speaking out about his recent firing, saying the allegations of ""lack o‚Ä¶ https://t.co/k2ORmOkeeH",79
-0.2732,Sat Mar 24 02:09:35 +0000 2018,0.913,0.087,0.0,CNN,Why build a bigger cruise ship when you can just cut one in half and add an extra 50 feet to the middle?‚Ä¶ https://t.co/Gk41THywKV,80
0.2846,Sat Mar 24 04:47:27 +0000 2018,0.634,0.15,0.216,CNN,These New York police officers were outnumbered in this adorable snowball fight https://t.co/BOxryZ3vmA,81
0.0,Sat Mar 24 04:31:05 +0000 2018,1.0,0.0,0.0,CNN,"K-pop group Red Velvet will be part of a group of South Korean pop stars who will be performing in Pyongyang, North‚Ä¶ https://t.co/KUetUTpnKz",82
0.0,Sat Mar 24 04:16:01 +0000 2018,1.0,0.0,0.0,CNN,Elon Musk nonchalantly erased Tesla and SpaceX from Facebook https://t.co/qMDTGmYeVE https://t.co/gzNLaDAlAU,83
-0.7096,Sat Mar 24 04:08:06 +0000 2018,0.763,0.237,0.0,CNN,"When a gunman killed 26 at her school, Lauren Milgram, then just 6, hid in a bathroom. Now, the 12-year-old is marc‚Ä¶ https://t.co/ki9WVaTFdx",84
-0.5574,Sat Mar 24 04:01:01 +0000 2018,0.833,0.167,0.0,CNN,"Sudan, a northern white rhino and the last male of his subspecies, has died. Photographer @Amivee chronicled the fi‚Ä¶ https://t.co/4sYmt1UnBA",85
0.3182,Sat Mar 24 03:54:21 +0000 2018,0.881,0.0,0.119,CNN,"North Korea accepts South Korea‚Äôs proposal to hold high-level talks on March 29, Seoul's Unification Ministry says‚Ä¶ https://t.co/NklKxXah6N",86
0.7096,Sat Mar 24 03:45:18 +0000 2018,0.642,0.087,0.272,CNN,How much of a struggle is it for transgender or intersex individuals to find acceptance and love in modern-day Indi‚Ä¶ https://t.co/tIuvh9nxQY,87
-0.1796,Sat Mar 24 03:36:03 +0000 2018,0.693,0.169,0.138,CNN,The Trump era has been very good to Iraq War hawks | Analysis by CNN's Gregory Krieg https://t.co/V7rmQ91TcY https://t.co/bTKR2Vtt6C,88
0.128,Sat Mar 24 03:31:06 +0000 2018,0.919,0.0,0.081,CNN,At least one investigation has been launched into how a senior adviser to Veterans Affairs Secretary David Shulkin‚Ä¶ https://t.co/obTgPuXNkK,89
-0.5423,Sat Mar 24 03:16:04 +0000 2018,0.8,0.2,0.0,CNN,"A video shows a fatal police shooting of an Illinois woman, and her family wants answers https://t.co/22G4LKFKj8",90
0.0,Sat Mar 24 03:07:37 +0000 2018,1.0,0.0,0.0,CNN,The 26 oddest lines from Donald Trump's totally bizarro omnibus signing announcement | Analysis by CNN's Chris Cill‚Ä¶ https://t.co/a8gg0xIxix,91
0.0,Sat Mar 24 03:01:02 +0000 2018,0.769,0.115,0.115,CNN,Exclusive: Inside the base that would oversee a US nuclear strike https://t.co/KIFZL3gMMz https://t.co/fpqL5PGdqW,92
0.0,Sat Mar 24 02:51:23 +0000 2018,1.0,0.0,0.0,CNN,"Why I'm marching on Saturday ... in a wheelchair || Karina Vargas, who was shot outside her school in Colorado, wri‚Ä¶ https://t.co/NlVwhhbu8C",93
-0.5574,Sat Mar 24 02:46:03 +0000 2018,0.847,0.153,0.0,CNN,"Five years on, Chinese doctor Zhang Qimao still simmers with rage over what happened to her when she reported a sex‚Ä¶ https://t.co/adCpsQVwZg",94
-0.5574,Sat Mar 24 02:37:07 +0000 2018,0.833,0.167,0.0,CNN,RT @CNNTonight: The White House announces a policy to ban most transgender troops from serving in the military https://t.co/L8gejLhYc9 http‚Ä¶,95
0.743,Sat Mar 24 02:36:48 +0000 2018,0.76,0.0,0.24,CNN,"RT @AC360: Former Cambridge Analytica staff say a super PAC run by John Bolton, President Trump's new national security adviser, used the c‚Ä¶",96
-0.3818,Sat Mar 24 02:35:41 +0000 2018,0.86,0.14,0.0,CNN,"With Lt. Gen H.R. McMaster's departure, the White House is losing a real warrior, writes @peterbergencnn via‚Ä¶ https://t.co/dSVJ5WvKgM",97
-0.2732,Sat Mar 24 02:30:18 +0000 2018,0.9,0.1,0.0,CNN,The lawyer representing the porn star suing President Donald Trump called a tweet he posted of an apparent data dis‚Ä¶ https://t.co/Y8bkEh0OmG,98
-0.5719,Sat Mar 24 02:16:07 +0000 2018,0.793,0.207,0.0,CNN,"Former Deputy FBI Director Andrew McCabe is speaking out about his recent firing, saying the allegations of ""lack o‚Ä¶ https://t.co/k2ORmOkeeH",99
-0.2732,Sat Mar 24 02:09:35 +0000 2018,0.913,0.087,0.0,CNN,Why build a bigger cruise ship when you can just cut one in half and add an extra 50 feet to the middle?‚Ä¶ https://t.co/Gk41THywKV,100
0.0,Fri Mar 23 23:03:00 +0000 2018,1.0,0.0,0.0,FOX,That #FridayFeeling. üôå #Lucifer https://t.co/O7efenFaCg,1
0.0,Fri Mar 23 20:30:02 +0000 2018,1.0,0.0,0.0,FOX,"We'd say name a more iconic duo, but you can't. üëè #Empire https://t.co/reBacVJMRx",2
0.5093,Fri Mar 23 20:25:52 +0000 2018,0.708,0.0,0.292,FOX,RT @ResidentFOX: RETWEET your favorite #CoNic moment! üòçüëá #TheResident,3
0.0,Fri Mar 23 18:58:06 +0000 2018,1.0,0.0,0.0,FOX,RT @NewGirlonFOX: Puppy. In. A. Cup. üê∂‚òïÔ∏èüò≠ #NationalPuppyDay #NewGirl https://t.co/19Gp9JZQ44,4
0.0,Fri Mar 23 16:30:00 +0000 2018,1.0,0.0,0.0,FOX,Preach. #911onFOX https://t.co/lXWeC6Pa21,5
0.6557,Fri Mar 23 13:00:04 +0000 2018,0.737,0.0,0.263,FOX,Pizza is always a good idea... so is #MasterChefJunior. üòã Join us in the kitchen ‚Äî tonight at 8/7c. https://t.co/XVkf1YJN88,6
0.0,Thu Mar 22 23:31:00 +0000 2018,1.0,0.0,0.0,FOX,Don't ever change Linda. üç∑ #BobsBurgers https://t.co/IRp7ia5sV0,7
0.3612,Thu Mar 22 20:31:00 +0000 2018,0.815,0.0,0.185,FOX,Get ready to groove. #ShowtimeAtTheApollo is all-new TONIGHT at 9/8c. üï∫üé∂ https://t.co/tX5V1AYTUg,8
0.1139,Thu Mar 22 17:23:11 +0000 2018,0.922,0.0,0.078,FOX,Her story is a fairytale for the modern age. Don't miss Meghan Markle: An #AmericanPrincess premiering May 11. üëëhttps://t.co/ahmrenw6VM,9
0.8357,Thu Mar 22 16:30:01 +0000 2018,0.574,0.0,0.426,FOX,So ready for these lovely ladies to be gracing our screen again. #STAR ‚ù§Ô∏è https://t.co/wOUaUhUb8h,10
0.0,Thu Mar 22 13:00:00 +0000 2018,1.0,0.0,0.0,FOX,Stream the heart-pounding season finale of #911onFOX now: https://t.co/gx1exd6hbP https://t.co/79sYlTfdAz,11
-0.2244,Wed Mar 21 23:36:08 +0000 2018,0.914,0.086,0.0,FOX,RT @EmpireFOX: #Empire returns in one week! Don‚Äôt miss all the tea that‚Äôs being served NOW on the @Twitter #EmpirePreShow https://t.co/11H4‚Ä¶,12
-0.296,Wed Mar 21 23:36:00 +0000 2018,0.694,0.306,0.0,FOX,"We've missed you, Peralta. #Brooklyn99 https://t.co/l5klFlLFrl",13
0.0,Wed Mar 21 20:30:01 +0000 2018,1.0,0.0,0.0,FOX,"üëΩ Do you believe? üëΩ 
TONIGHT at 8/7c 
#TheXFiles https://t.co/faw0W9V0x4",14
0.4003,Wed Mar 21 16:35:00 +0000 2018,0.748,0.0,0.252,FOX,Get excited! üéâ You're taking a trip from #LAtoVegas: https://t.co/nfqVfhytVZ https://t.co/L0FL07qtDo,15
0.0,Wed Mar 21 13:04:00 +0000 2018,1.0,0.0,0.0,FOX,Prepare yourself for the jaw-dropping season finale of #911onFOX ‚Äî TONIGHT at 9/8c. https://t.co/8SCf3JUDKT,16
0.3182,Wed Mar 21 00:47:59 +0000 2018,0.887,0.0,0.113,FOX,"RT @thexfiles: We've NEVER been closer to the truth. üö¨ 

Watch the trailer for tomorrow's season finale NOW. #TheXFiles https://t.co/SUx7Hf‚Ä¶",17
0.3612,Tue Mar 20 23:31:00 +0000 2018,0.828,0.0,0.172,FOX,RETWEET if you're ready for Kween Cookie to return to her #Empire. üç™ https://t.co/w1kNwZtu3n,18
0.6103,Tue Mar 20 21:52:01 +0000 2018,0.778,0.0,0.222,FOX,"RT @LoveConnection: Lovers, UNITE! üòçüòçüòç
Season 2 of #LoveConnection PREMIERES Tuesday, May 29 on @FOXTV! https://t.co/AY49PaBxCa",19
0.8176,Tue Mar 20 21:51:53 +0000 2018,0.702,0.0,0.298,FOX,RT @davidduchovny: Thanks for all the questions and support this season. It‚Äôs always been about the fans and the creative. See you tomorrow‚Ä¶,20
0.0,Fri Mar 23 23:03:00 +0000 2018,1.0,0.0,0.0,FOX,That #FridayFeeling. üôå #Lucifer https://t.co/O7efenFaCg,21
0.0,Fri Mar 23 20:30:02 +0000 2018,1.0,0.0,0.0,FOX,"We'd say name a more iconic duo, but you can't. üëè #Empire https://t.co/reBacVJMRx",22
0.5093,Fri Mar 23 20:25:52 +0000 2018,0.708,0.0,0.292,FOX,RT @ResidentFOX: RETWEET your favorite #CoNic moment! üòçüëá #TheResident,23
0.0,Fri Mar 23 18:58:06 +0000 2018,1.0,0.0,0.0,FOX,RT @NewGirlonFOX: Puppy. In. A. Cup. üê∂‚òïÔ∏èüò≠ #NationalPuppyDay #NewGirl https://t.co/19Gp9JZQ44,24
0.0,Fri Mar 23 16:30:00 +0000 2018,1.0,0.0,0.0,FOX,Preach. #911onFOX https://t.co/lXWeC6Pa21,25
0.6557,Fri Mar 23 13:00:04 +0000 2018,0.737,0.0,0.263,FOX,Pizza is always a good idea... so is #MasterChefJunior. üòã Join us in the kitchen ‚Äî tonight at 8/7c. https://t.co/XVkf1YJN88,26
0.0,Thu Mar 22 23:31:00 +0000 2018,1.0,0.0,0.0,FOX,Don't ever change Linda. üç∑ #BobsBurgers https://t.co/IRp7ia5sV0,27
0.3612,Thu Mar 22 20:31:00 +0000 2018,0.815,0.0,0.185,FOX,Get ready to groove. #ShowtimeAtTheApollo is all-new TONIGHT at 9/8c. üï∫üé∂ https://t.co/tX5V1AYTUg,28
0.1139,Thu Mar 22 17:23:11 +0000 2018,0.922,0.0,0.078,FOX,Her story is a fairytale for the modern age. Don't miss Meghan Markle: An #AmericanPrincess premiering May 11. üëëhttps://t.co/ahmrenw6VM,29
0.8357,Thu Mar 22 16:30:01 +0000 2018,0.574,0.0,0.426,FOX,So ready for these lovely ladies to be gracing our screen again. #STAR ‚ù§Ô∏è https://t.co/wOUaUhUb8h,30
0.0,Thu Mar 22 13:00:00 +0000 2018,1.0,0.0,0.0,FOX,Stream the heart-pounding season finale of #911onFOX now: https://t.co/gx1exd6hbP https://t.co/79sYlTfdAz,31
-0.2244,Wed Mar 21 23:36:08 +0000 2018,0.914,0.086,0.0,FOX,RT @EmpireFOX: #Empire returns in one week! Don‚Äôt miss all the tea that‚Äôs being served NOW on the @Twitter #EmpirePreShow https://t.co/11H4‚Ä¶,32
-0.296,Wed Mar 21 23:36:00 +0000 2018,0.694,0.306,0.0,FOX,"We've missed you, Peralta. #Brooklyn99 https://t.co/l5klFlLFrl",33
0.0,Wed Mar 21 20:30:01 +0000 2018,1.0,0.0,0.0,FOX,"üëΩ Do you believe? üëΩ 
TONIGHT at 8/7c 
#TheXFiles https://t.co/faw0W9V0x4",34
0.4003,Wed Mar 21 16:35:00 +0000 2018,0.748,0.0,0.252,FOX,Get excited! üéâ You're taking a trip from #LAtoVegas: https://t.co/nfqVfhytVZ https://t.co/L0FL07qtDo,35
0.0,Wed Mar 21 13:04:00 +0000 2018,1.0,0.0,0.0,FOX,Prepare yourself for the jaw-dropping season finale of #911onFOX ‚Äî TONIGHT at 9/8c. https://t.co/8SCf3JUDKT,36
0.3182,Wed Mar 21 00:47:59 +0000 2018,0.887,0.0,0.113,FOX,"RT @thexfiles: We've NEVER been closer to the truth. üö¨ 

Watch the trailer for tomorrow's season finale NOW. #TheXFiles https://t.co/SUx7Hf‚Ä¶",37
0.3612,Tue Mar 20 23:31:00 +0000 2018,0.828,0.0,0.172,FOX,RETWEET if you're ready for Kween Cookie to return to her #Empire. üç™ https://t.co/w1kNwZtu3n,38
0.6103,Tue Mar 20 21:52:01 +0000 2018,0.778,0.0,0.222,FOX,"RT @LoveConnection: Lovers, UNITE! üòçüòçüòç
Season 2 of #LoveConnection PREMIERES Tuesday, May 29 on @FOXTV! https://t.co/AY49PaBxCa",39
0.8176,Tue Mar 20 21:51:53 +0000 2018,0.702,0.0,0.298,FOX,RT @davidduchovny: Thanks for all the questions and support this season. It‚Äôs always been about the fans and the creative. See you tomorrow‚Ä¶,40
0.0,Fri Mar 23 23:03:00 +0000 2018,1.0,0.0,0.0,FOX,That #FridayFeeling. üôå #Lucifer https://t.co/O7efenFaCg,41
0.0,Fri Mar 23 20:30:02 +0000 2018,1.0,0.0,0.0,FOX,"We'd say name a more iconic duo, but you can't. üëè #Empire https://t.co/reBacVJMRx",42
0.5093,Fri Mar 23 20:25:52 +0000 2018,0.708,0.0,0.292,FOX,RT @ResidentFOX: RETWEET your favorite #CoNic moment! üòçüëá #TheResident,43
0.0,Fri Mar 23 18:58:06 +0000 2018,1.0,0.0,0.0,FOX,RT @NewGirlonFOX: Puppy. In. A. Cup. üê∂‚òïÔ∏èüò≠ #NationalPuppyDay #NewGirl https://t.co/19Gp9JZQ44,44
0.0,Fri Mar 23 16:30:00 +0000 2018,1.0,0.0,0.0,FOX,Preach. #911onFOX https://t.co/lXWeC6Pa21,45
0.6557,Fri Mar 23 13:00:04 +0000 2018,0.737,0.0,0.263,FOX,Pizza is always a good idea... so is #MasterChefJunior. üòã Join us in the kitchen ‚Äî tonight at 8/7c. https://t.co/XVkf1YJN88,46
0.0,Thu Mar 22 23:31:00 +0000 2018,1.0,0.0,0.0,FOX,Don't ever change Linda. üç∑ #BobsBurgers https://t.co/IRp7ia5sV0,47
0.3612,Thu Mar 22 20:31:00 +0000 2018,0.815,0.0,0.185,FOX,Get ready to groove. #ShowtimeAtTheApollo is all-new TONIGHT at 9/8c. üï∫üé∂ https://t.co/tX5V1AYTUg,48
0.1139,Thu Mar 22 17:23:11 +0000 2018,0.922,0.0,0.078,FOX,Her story is a fairytale for the modern age. Don't miss Meghan Markle: An #AmericanPrincess premiering May 11. üëëhttps://t.co/ahmrenw6VM,49
0.8357,Thu Mar 22 16:30:01 +0000 2018,0.574,0.0,0.426,FOX,So ready for these lovely ladies to be gracing our screen again. #STAR ‚ù§Ô∏è https://t.co/wOUaUhUb8h,50
0.0,Thu Mar 22 13:00:00 +0000 2018,1.0,0.0,0.0,FOX,Stream the heart-pounding season finale of #911onFOX now: https://t.co/gx1exd6hbP https://t.co/79sYlTfdAz,51
-0.2244,Wed Mar 21 23:36:08 +0000 2018,0.914,0.086,0.0,FOX,RT @EmpireFOX: #Empire returns in one week! Don‚Äôt miss all the tea that‚Äôs being served NOW on the @Twitter #EmpirePreShow https://t.co/11H4‚Ä¶,52
-0.296,Wed Mar 21 23:36:00 +0000 2018,0.694,0.306,0.0,FOX,"We've missed you, Peralta. #Brooklyn99 https://t.co/l5klFlLFrl",53
0.0,Wed Mar 21 20:30:01 +0000 2018,1.0,0.0,0.0,FOX,"üëΩ Do you believe? üëΩ 
TONIGHT at 8/7c 
#TheXFiles https://t.co/faw0W9V0x4",54
0.4003,Wed Mar 21 16:35:00 +0000 2018,0.748,0.0,0.252,FOX,Get excited! üéâ You're taking a trip from #LAtoVegas: https://t.co/nfqVfhytVZ https://t.co/L0FL07qtDo,55
0.0,Wed Mar 21 13:04:00 +0000 2018,1.0,0.0,0.0,FOX,Prepare yourself for the jaw-dropping season finale of #911onFOX ‚Äî TONIGHT at 9/8c. https://t.co/8SCf3JUDKT,56
0.3182,Wed Mar 21 00:47:59 +0000 2018,0.887,0.0,0.113,FOX,"RT @thexfiles: We've NEVER been closer to the truth. üö¨ 

Watch the trailer for tomorrow's season finale NOW. #TheXFiles https://t.co/SUx7Hf‚Ä¶",57
0.3612,Tue Mar 20 23:31:00 +0000 2018,0.828,0.0,0.172,FOX,RETWEET if you're ready for Kween Cookie to return to her #Empire. üç™ https://t.co/w1kNwZtu3n,58
0.6103,Tue Mar 20 21:52:01 +0000 2018,0.778,0.0,0.222,FOX,"RT @LoveConnection: Lovers, UNITE! üòçüòçüòç
Season 2 of #LoveConnection PREMIERES Tuesday, May 29 on @FOXTV! https://t.co/AY49PaBxCa",59
0.8176,Tue Mar 20 21:51:53 +0000 2018,0.702,0.0,0.298,FOX,RT @davidduchovny: Thanks for all the questions and support this season. It‚Äôs always been about the fans and the creative. See you tomorrow‚Ä¶,60
0.0,Fri Mar 23 23:03:00 +0000 2018,1.0,0.0,0.0,FOX,That #FridayFeeling. üôå #Lucifer https://t.co/O7efenFaCg,61
0.0,Fri Mar 23 20:30:02 +0000 2018,1.0,0.0,0.0,FOX,"We'd say name a more iconic duo, but you can't. üëè #Empire https://t.co/reBacVJMRx",62
0.5093,Fri Mar 23 20:25:52 +0000 2018,0.708,0.0,0.292,FOX,RT @ResidentFOX: RETWEET your favorite #CoNic moment! üòçüëá #TheResident,63
0.0,Fri Mar 23 18:58:06 +0000 2018,1.0,0.0,0.0,FOX,RT @NewGirlonFOX: Puppy. In. A. Cup. üê∂‚òïÔ∏èüò≠ #NationalPuppyDay #NewGirl https://t.co/19Gp9JZQ44,64
0.0,Fri Mar 23 16:30:00 +0000 2018,1.0,0.0,0.0,FOX,Preach. #911onFOX https://t.co/lXWeC6Pa21,65
0.6557,Fri Mar 23 13:00:04 +0000 2018,0.737,0.0,0.263,FOX,Pizza is always a good idea... so is #MasterChefJunior. üòã Join us in the kitchen ‚Äî tonight at 8/7c. https://t.co/XVkf1YJN88,66
0.0,Thu Mar 22 23:31:00 +0000 2018,1.0,0.0,0.0,FOX,Don't ever change Linda. üç∑ #BobsBurgers https://t.co/IRp7ia5sV0,67
0.3612,Thu Mar 22 20:31:00 +0000 2018,0.815,0.0,0.185,FOX,Get ready to groove. #ShowtimeAtTheApollo is all-new TONIGHT at 9/8c. üï∫üé∂ https://t.co/tX5V1AYTUg,68
0.1139,Thu Mar 22 17:23:11 +0000 2018,0.922,0.0,0.078,FOX,Her story is a fairytale for the modern age. Don't miss Meghan Markle: An #AmericanPrincess premiering May 11. üëëhttps://t.co/ahmrenw6VM,69
0.8357,Thu Mar 22 16:30:01 +0000 2018,0.574,0.0,0.426,FOX,So ready for these lovely ladies to be gracing our screen again. #STAR ‚ù§Ô∏è https://t.co/wOUaUhUb8h,70
0.0,Thu Mar 22 13:00:00 +0000 2018,1.0,0.0,0.0,FOX,Stream the heart-pounding season finale of #911onFOX now: https://t.co/gx1exd6hbP https://t.co/79sYlTfdAz,71
-0.2244,Wed Mar 21 23:36:08 +0000 2018,0.914,0.086,0.0,FOX,RT @EmpireFOX: #Empire returns in one week! Don‚Äôt miss all the tea that‚Äôs being served NOW on the @Twitter #EmpirePreShow https://t.co/11H4‚Ä¶,72
-0.296,Wed Mar 21 23:36:00 +0000 2018,0.694,0.306,0.0,FOX,"We've missed you, Peralta. #Brooklyn99 https://t.co/l5klFlLFrl",73
0.0,Wed Mar 21 20:30:01 +0000 2018,1.0,0.0,0.0,FOX,"üëΩ Do you believe? üëΩ 
TONIGHT at 8/7c 
#TheXFiles https://t.co/faw0W9V0x4",74
0.4003,Wed Mar 21 16:35:00 +0000 2018,0.748,0.0,0.252,FOX,Get excited! üéâ You're taking a trip from #LAtoVegas: https://t.co/nfqVfhytVZ https://t.co/L0FL07qtDo,75
0.0,Wed Mar 21 13:04:00 +0000 2018,1.0,0.0,0.0,FOX,Prepare yourself for the jaw-dropping season finale of #911onFOX ‚Äî TONIGHT at 9/8c. https://t.co/8SCf3JUDKT,76
0.3182,Wed Mar 21 00:47:59 +0000 2018,0.887,0.0,0.113,FOX,"RT @thexfiles: We've NEVER been closer to the truth. üö¨ 

Watch the trailer for tomorrow's season finale NOW. #TheXFiles https://t.co/SUx7Hf‚Ä¶",77
0.3612,Tue Mar 20 23:31:00 +0000 2018,0.828,0.0,0.172,FOX,RETWEET if you're ready for Kween Cookie to return to her #Empire. üç™ https://t.co/w1kNwZtu3n,78
0.6103,Tue Mar 20 21:52:01 +0000 2018,0.778,0.0,0.222,FOX,"RT @LoveConnection: Lovers, UNITE! üòçüòçüòç
Season 2 of #LoveConnection PREMIERES Tuesday, May 29 on @FOXTV! https://t.co/AY49PaBxCa",79
0.8176,Tue Mar 20 21:51:53 +0000 2018,0.702,0.0,0.298,FOX,RT @davidduchovny: Thanks for all the questions and support this season. It‚Äôs always been about the fans and the creative. See you tomorrow‚Ä¶,80
0.0,Fri Mar 23 23:03:00 +0000 2018,1.0,0.0,0.0,FOX,That #FridayFeeling. üôå #Lucifer https://t.co/O7efenFaCg,81
0.0,Fri Mar 23 20:30:02 +0000 2018,1.0,0.0,0.0,FOX,"We'd say name a more iconic duo, but you can't. üëè #Empire https://t.co/reBacVJMRx",82
0.5093,Fri Mar 23 20:25:52 +0000 2018,0.708,0.0,0.292,FOX,RT @ResidentFOX: RETWEET your favorite #CoNic moment! üòçüëá #TheResident,83
0.0,Fri Mar 23 18:58:06 +0000 2018,1.0,0.0,0.0,FOX,RT @NewGirlonFOX: Puppy. In. A. Cup. üê∂‚òïÔ∏èüò≠ #NationalPuppyDay #NewGirl https://t.co/19Gp9JZQ44,84
0.0,Fri Mar 23 16:30:00 +0000 2018,1.0,0.0,0.0,FOX,Preach. #911onFOX https://t.co/lXWeC6Pa21,85
0.6557,Fri Mar 23 13:00:04 +0000 2018,0.737,0.0,0.263,FOX,Pizza is always a good idea... so is #MasterChefJunior. üòã Join us in the kitchen ‚Äî tonight at 8/7c. https://t.co/XVkf1YJN88,86
0.0,Thu Mar 22 23:31:00 +0000 2018,1.0,0.0,0.0,FOX,Don't ever change Linda. üç∑ #BobsBurgers https://t.co/IRp7ia5sV0,87
0.3612,Thu Mar 22 20:31:00 +0000 2018,0.815,0.0,0.185,FOX,Get ready to groove. #ShowtimeAtTheApollo is all-new TONIGHT at 9/8c. üï∫üé∂ https://t.co/tX5V1AYTUg,88
0.1139,Thu Mar 22 17:23:11 +0000 2018,0.922,0.0,0.078,FOX,Her story is a fairytale for the modern age. Don't miss Meghan Markle: An #AmericanPrincess premiering May 11. üëëhttps://t.co/ahmrenw6VM,89
0.8357,Thu Mar 22 16:30:01 +0000 2018,0.574,0.0,0.426,FOX,So ready for these lovely ladies to be gracing our screen again. #STAR ‚ù§Ô∏è https://t.co/wOUaUhUb8h,90
0.0,Thu Mar 22 13:00:00 +0000 2018,1.0,0.0,0.0,FOX,Stream the heart-pounding season finale of #911onFOX now: https://t.co/gx1exd6hbP https://t.co/79sYlTfdAz,91
-0.2244,Wed Mar 21 23:36:08 +0000 2018,0.914,0.086,0.0,FOX,RT @EmpireFOX: #Empire returns in one week! Don‚Äôt miss all the tea that‚Äôs being served NOW on the @Twitter #EmpirePreShow https://t.co/11H4‚Ä¶,92
-0.296,Wed Mar 21 23:36:00 +0000 2018,0.694,0.306,0.0,FOX,"We've missed you, Peralta. #Brooklyn99 https://t.co/l5klFlLFrl",93
0.0,Wed Mar 21 20:30:01 +0000 2018,1.0,0.0,0.0,FOX,"üëΩ Do you believe? üëΩ 
TONIGHT at 8/7c 
#TheXFiles https://t.co/faw0W9V0x4",94
0.4003,Wed Mar 21 16:35:00 +0000 2018,0.748,0.0,0.252,FOX,Get excited! üéâ You're taking a trip from #LAtoVegas: https://t.co/nfqVfhytVZ https://t.co/L0FL07qtDo,95
0.0,Wed Mar 21 13:04:00 +0000 2018,1.0,0.0,0.0,FOX,Prepare yourself for the jaw-dropping season finale of #911onFOX ‚Äî TONIGHT at 9/8c. https://t.co/8SCf3JUDKT,96
0.3182,Wed Mar 21 00:47:59 +0000 2018,0.887,0.0,0.113,FOX,"RT @thexfiles: We've NEVER been closer to the truth. üö¨ 

Watch the trailer for tomorrow's season finale NOW. #TheXFiles https://t.co/SUx7Hf‚Ä¶",97
0.3612,Tue Mar 20 23:31:00 +0000 2018,0.828,0.0,0.172,FOX,RETWEET if you're ready for Kween Cookie to return to her #Empire. üç™ https://t.co/w1kNwZtu3n,98
0.6103,Tue Mar 20 21:52:01 +0000 2018,0.778,0.0,0.222,FOX,"RT @LoveConnection: Lovers, UNITE! üòçüòçüòç
Season 2 of #LoveConnection PREMIERES Tuesday, May 29 on @FOXTV! https://t.co/AY49PaBxCa",99
0.8176,Tue Mar 20 21:51:53 +0000 2018,0.702,0.0,0.298,FOX,RT @davidduchovny: Thanks for all the questions and support this season. It‚Äôs always been about the fans and the creative. See you tomorrow‚Ä¶,100
0.4019,Sat Mar 24 04:39:15 +0000 2018,0.787,0.0,0.213,The New York Times,Trump Approves New Limits on Transgender Troops in the Military https://t.co/QbU2NftGFW,1
-0.5106,Sat Mar 24 04:21:01 +0000 2018,0.845,0.155,0.0,The New York Times,RT @nytopinion: In 2005 the Republican controlled Senate Foreign Relations Committee rejected John Bolton as President Bush's U.N. ambassad‚Ä¶,2
0.0,Sat Mar 24 04:02:03 +0000 2018,1.0,0.0,0.0,The New York Times,Why did this man kayak across the Atlantic Ocean 3 times? https://t.co/AVNoLa9s9U,3
0.34,Sat Mar 24 03:57:56 +0000 2018,0.854,0.0,0.146,The New York Times,How the Left and the Right Reacted to John Bolton as National Security Adviser https://t.co/1vMikv1PJa,4
-0.5574,Sat Mar 24 03:47:03 +0000 2018,0.746,0.194,0.06,The New York Times,"RT @nytclimate: The loss of sea ice is a bellwether of global warming, suggesting that climate change is not just something to worry about‚Ä¶",5
0.0,Sat Mar 24 03:43:42 +0000 2018,1.0,0.0,0.0,The New York Times,Elon Musk Joins #DeleteFacebook With a Barrage of Tweets https://t.co/au3PLZQyTw,6
-0.6597,Sat Mar 24 03:34:16 +0000 2018,0.614,0.386,0.0,The New York Times,Vietnam '67: The Tragedy of Hubert Humphrey https://t.co/iZCCJ16XAc,7
0.6808,Sat Mar 24 03:32:02 +0000 2018,0.65,0.081,0.268,The New York Times,"Math ‚Äúconstitutes the language through which alone we can adequately express the great facts of the natural world,‚Äù‚Ä¶ https://t.co/83Ug5Ql4Gh",8
0.0,Sat Mar 24 03:17:04 +0000 2018,1.0,0.0,0.0,The New York Times,"RT @nytpolitics: In an NYT interview in 2002, John Bolton was asked about the Bush administration's stance on North Korea. He grabbed a nea‚Ä¶",9
0.0258,Sat Mar 24 03:05:06 +0000 2018,0.667,0.164,0.169,The New York Times,RT @NYTSports: Kansas survived a late scare from Clemson to advance to the regional final.  https://t.co/WY4CDmv5t2,10
-0.3612,Sat Mar 24 03:02:03 +0000 2018,0.848,0.152,0.0,The New York Times,"‚ÄúPeople say, write what you know, but it‚Äôs really, write about what obsesses you.‚Äù https://t.co/C2Yv7H5h2u",11
0.0,Sat Mar 24 02:52:19 +0000 2018,1.0,0.0,0.0,The New York Times,"RT @NYTSports: Once West Virginia's leading scorer fouled out with 15 minutes left, top-seeded Villanova pulled away to advance to the East‚Ä¶",12
0.5859,Sat Mar 24 02:47:03 +0000 2018,0.789,0.0,0.211,The New York Times,Here's how to create your own support system when you don't have a spouse or kids to fall back on https://t.co/vLckifnXWU,13
0.0,Sat Mar 24 02:32:02 +0000 2018,1.0,0.0,0.0,The New York Times,Can coffee rev up your workout? It may depend on your genes. https://t.co/ay3k3UI71Q,14
0.3612,Sat Mar 24 02:17:03 +0000 2018,0.898,0.0,0.102,The New York Times,"RT @julieturkewitz: ‚ÄúIt‚Äôs going to look like millions and millions of people,‚Äù said Rebecca Schneid, 16, who is the editor of the newspaper‚Ä¶",15
0.0,Sat Mar 24 02:02:15 +0000 2018,1.0,0.0,0.0,The New York Times,"""Hamilton,"" ""Frozen"" and many Broadway shows all rehearse in one building in New York City. We take you behind the‚Ä¶ https://t.co/DnTc9rvb48",16
-0.6486,Sat Mar 24 01:47:04 +0000 2018,0.815,0.185,0.0,The New York Times,4 members of an Iowa family who traveled to Mexico for vacation were found dead in a condominium. Officials said th‚Ä¶ https://t.co/YRRZEYdRhT,17
0.8555,Sat Mar 24 01:32:04 +0000 2018,0.704,0.0,0.296,The New York Times,"Modern Love: ""I knew that when you find love, you jump in, almost involuntarily. You don‚Äôt sit on the edge negotiat‚Ä¶ https://t.co/euo96xgH1a",18
0.5994,Sat Mar 24 01:17:04 +0000 2018,0.83,0.0,0.17,The New York Times,"RT @NYTObits: H. Wayne Huizenga, the entrepreneur who expanded Blockbuster video and AutoNation into vast enterprises and owned three South‚Ä¶",19
0.0,Sat Mar 24 01:02:04 +0000 2018,1.0,0.0,0.0,The New York Times,Evening Briefing: Here's what you need to know at the end of the day https://t.co/ixJlyCMrwZ,20
0.4019,Sat Mar 24 04:39:15 +0000 2018,0.787,0.0,0.213,The New York Times,Trump Approves New Limits on Transgender Troops in the Military https://t.co/QbU2NftGFW,21
-0.5106,Sat Mar 24 04:21:01 +0000 2018,0.845,0.155,0.0,The New York Times,RT @nytopinion: In 2005 the Republican controlled Senate Foreign Relations Committee rejected John Bolton as President Bush's U.N. ambassad‚Ä¶,22
0.0,Sat Mar 24 04:02:03 +0000 2018,1.0,0.0,0.0,The New York Times,Why did this man kayak across the Atlantic Ocean 3 times? https://t.co/AVNoLa9s9U,23
0.34,Sat Mar 24 03:57:56 +0000 2018,0.854,0.0,0.146,The New York Times,How the Left and the Right Reacted to John Bolton as National Security Adviser https://t.co/1vMikv1PJa,24
-0.5574,Sat Mar 24 03:47:03 +0000 2018,0.746,0.194,0.06,The New York Times,"RT @nytclimate: The loss of sea ice is a bellwether of global warming, suggesting that climate change is not just something to worry about‚Ä¶",25
0.0,Sat Mar 24 03:43:42 +0000 2018,1.0,0.0,0.0,The New York Times,Elon Musk Joins #DeleteFacebook With a Barrage of Tweets https://t.co/au3PLZQyTw,26
-0.6597,Sat Mar 24 03:34:16 +0000 2018,0.614,0.386,0.0,The New York Times,Vietnam '67: The Tragedy of Hubert Humphrey https://t.co/iZCCJ16XAc,27
0.6808,Sat Mar 24 03:32:02 +0000 2018,0.65,0.081,0.268,The New York Times,"Math ‚Äúconstitutes the language through which alone we can adequately express the great facts of the natural world,‚Äù‚Ä¶ https://t.co/83Ug5Ql4Gh",28
0.0,Sat Mar 24 03:17:04 +0000 2018,1.0,0.0,0.0,The New York Times,"RT @nytpolitics: In an NYT interview in 2002, John Bolton was asked about the Bush administration's stance on North Korea. He grabbed a nea‚Ä¶",29
0.0258,Sat Mar 24 03:05:06 +0000 2018,0.667,0.164,0.169,The New York Times,RT @NYTSports: Kansas survived a late scare from Clemson to advance to the regional final.  https://t.co/WY4CDmv5t2,30
-0.3612,Sat Mar 24 03:02:03 +0000 2018,0.848,0.152,0.0,The New York Times,"‚ÄúPeople say, write what you know, but it‚Äôs really, write about what obsesses you.‚Äù https://t.co/C2Yv7H5h2u",31
0.0,Sat Mar 24 02:52:19 +0000 2018,1.0,0.0,0.0,The New York Times,"RT @NYTSports: Once West Virginia's leading scorer fouled out with 15 minutes left, top-seeded Villanova pulled away to advance to the East‚Ä¶",32
0.5859,Sat Mar 24 02:47:03 +0000 2018,0.789,0.0,0.211,The New York Times,Here's how to create your own support system when you don't have a spouse or kids to fall back on https://t.co/vLckifnXWU,33
0.0,Sat Mar 24 02:32:02 +0000 2018,1.0,0.0,0.0,The New York Times,Can coffee rev up your workout? It may depend on your genes. https://t.co/ay3k3UI71Q,34
0.3612,Sat Mar 24 02:17:03 +0000 2018,0.898,0.0,0.102,The New York Times,"RT @julieturkewitz: ‚ÄúIt‚Äôs going to look like millions and millions of people,‚Äù said Rebecca Schneid, 16, who is the editor of the newspaper‚Ä¶",35
0.0,Sat Mar 24 02:02:15 +0000 2018,1.0,0.0,0.0,The New York Times,"""Hamilton,"" ""Frozen"" and many Broadway shows all rehearse in one building in New York City. We take you behind the‚Ä¶ https://t.co/DnTc9rvb48",36
-0.6486,Sat Mar 24 01:47:04 +0000 2018,0.815,0.185,0.0,The New York Times,4 members of an Iowa family who traveled to Mexico for vacation were found dead in a condominium. Officials said th‚Ä¶ https://t.co/YRRZEYdRhT,37
0.8555,Sat Mar 24 01:32:04 +0000 2018,0.704,0.0,0.296,The New York Times,"Modern Love: ""I knew that when you find love, you jump in, almost involuntarily. You don‚Äôt sit on the edge negotiat‚Ä¶ https://t.co/euo96xgH1a",38
0.5994,Sat Mar 24 01:17:04 +0000 2018,0.83,0.0,0.17,The New York Times,"RT @NYTObits: H. Wayne Huizenga, the entrepreneur who expanded Blockbuster video and AutoNation into vast enterprises and owned three South‚Ä¶",39
0.0,Sat Mar 24 01:02:04 +0000 2018,1.0,0.0,0.0,The New York Times,Evening Briefing: Here's what you need to know at the end of the day https://t.co/ixJlyCMrwZ,40
0.4019,Sat Mar 24 04:39:15 +0000 2018,0.787,0.0,0.213,The New York Times,Trump Approves New Limits on Transgender Troops in the Military https://t.co/QbU2NftGFW,41
-0.5106,Sat Mar 24 04:21:01 +0000 2018,0.845,0.155,0.0,The New York Times,RT @nytopinion: In 2005 the Republican controlled Senate Foreign Relations Committee rejected John Bolton as President Bush's U.N. ambassad‚Ä¶,42
0.0,Sat Mar 24 04:02:03 +0000 2018,1.0,0.0,0.0,The New York Times,Why did this man kayak across the Atlantic Ocean 3 times? https://t.co/AVNoLa9s9U,43
0.34,Sat Mar 24 03:57:56 +0000 2018,0.854,0.0,0.146,The New York Times,How the Left and the Right Reacted to John Bolton as National Security Adviser https://t.co/1vMikv1PJa,44
-0.5574,Sat Mar 24 03:47:03 +0000 2018,0.746,0.194,0.06,The New York Times,"RT @nytclimate: The loss of sea ice is a bellwether of global warming, suggesting that climate change is not just something to worry about‚Ä¶",45
0.0,Sat Mar 24 03:43:42 +0000 2018,1.0,0.0,0.0,The New York Times,Elon Musk Joins #DeleteFacebook With a Barrage of Tweets https://t.co/au3PLZQyTw,46
-0.6597,Sat Mar 24 03:34:16 +0000 2018,0.614,0.386,0.0,The New York Times,Vietnam '67: The Tragedy of Hubert Humphrey https://t.co/iZCCJ16XAc,47
0.6808,Sat Mar 24 03:32:02 +0000 2018,0.65,0.081,0.268,The New York Times,"Math ‚Äúconstitutes the language through which alone we can adequately express the great facts of the natural world,‚Äù‚Ä¶ https://t.co/83Ug5Ql4Gh",48
0.0,Sat Mar 24 03:17:04 +0000 2018,1.0,0.0,0.0,The New York Times,"RT @nytpolitics: In an NYT interview in 2002, John Bolton was asked about the Bush administration's stance on North Korea. He grabbed a nea‚Ä¶",49
0.0258,Sat Mar 24 03:05:06 +0000 2018,0.667,0.164,0.169,The New York Times,RT @NYTSports: Kansas survived a late scare from Clemson to advance to the regional final.  https://t.co/WY4CDmv5t2,50
-0.3612,Sat Mar 24 03:02:03 +0000 2018,0.848,0.152,0.0,The New York Times,"‚ÄúPeople say, write what you know, but it‚Äôs really, write about what obsesses you.‚Äù https://t.co/C2Yv7H5h2u",51
0.0,Sat Mar 24 02:52:19 +0000 2018,1.0,0.0,0.0,The New York Times,"RT @NYTSports: Once West Virginia's leading scorer fouled out with 15 minutes left, top-seeded Villanova pulled away to advance to the East‚Ä¶",52
0.5859,Sat Mar 24 02:47:03 +0000 2018,0.789,0.0,0.211,The New York Times,Here's how to create your own support system when you don't have a spouse or kids to fall back on https://t.co/vLckifnXWU,53
0.0,Sat Mar 24 02:32:02 +0000 2018,1.0,0.0,0.0,The New York Times,Can coffee rev up your workout? It may depend on your genes. https://t.co/ay3k3UI71Q,54
0.3612,Sat Mar 24 02:17:03 +0000 2018,0.898,0.0,0.102,The New York Times,"RT @julieturkewitz: ‚ÄúIt‚Äôs going to look like millions and millions of people,‚Äù said Rebecca Schneid, 16, who is the editor of the newspaper‚Ä¶",55
0.0,Sat Mar 24 02:02:15 +0000 2018,1.0,0.0,0.0,The New York Times,"""Hamilton,"" ""Frozen"" and many Broadway shows all rehearse in one building in New York City. We take you behind the‚Ä¶ https://t.co/DnTc9rvb48",56
-0.6486,Sat Mar 24 01:47:04 +0000 2018,0.815,0.185,0.0,The New York Times,4 members of an Iowa family who traveled to Mexico for vacation were found dead in a condominium. Officials said th‚Ä¶ https://t.co/YRRZEYdRhT,57
0.8555,Sat Mar 24 01:32:04 +0000 2018,0.704,0.0,0.296,The New York Times,"Modern Love: ""I knew that when you find love, you jump in, almost involuntarily. You don‚Äôt sit on the edge negotiat‚Ä¶ https://t.co/euo96xgH1a",58
0.5994,Sat Mar 24 01:17:04 +0000 2018,0.83,0.0,0.17,The New York Times,"RT @NYTObits: H. Wayne Huizenga, the entrepreneur who expanded Blockbuster video and AutoNation into vast enterprises and owned three South‚Ä¶",59
0.0,Sat Mar 24 01:02:04 +0000 2018,1.0,0.0,0.0,The New York Times,Evening Briefing: Here's what you need to know at the end of the day https://t.co/ixJlyCMrwZ,60
0.4019,Sat Mar 24 04:39:15 +0000 2018,0.787,0.0,0.213,The New York Times,Trump Approves New Limits on Transgender Troops in the Military https://t.co/QbU2NftGFW,61
-0.5106,Sat Mar 24 04:21:01 +0000 2018,0.845,0.155,0.0,The New York Times,RT @nytopinion: In 2005 the Republican controlled Senate Foreign Relations Committee rejected John Bolton as President Bush's U.N. ambassad‚Ä¶,62
0.0,Sat Mar 24 04:02:03 +0000 2018,1.0,0.0,0.0,The New York Times,Why did this man kayak across the Atlantic Ocean 3 times? https://t.co/AVNoLa9s9U,63
0.34,Sat Mar 24 03:57:56 +0000 2018,0.854,0.0,0.146,The New York Times,How the Left and the Right Reacted to John Bolton as National Security Adviser https://t.co/1vMikv1PJa,64
-0.5574,Sat Mar 24 03:47:03 +0000 2018,0.746,0.194,0.06,The New York Times,"RT @nytclimate: The loss of sea ice is a bellwether of global warming, suggesting that climate change is not just something to worry about‚Ä¶",65
0.0,Sat Mar 24 03:43:42 +0000 2018,1.0,0.0,0.0,The New York Times,Elon Musk Joins #DeleteFacebook With a Barrage of Tweets https://t.co/au3PLZQyTw,66
-0.6597,Sat Mar 24 03:34:16 +0000 2018,0.614,0.386,0.0,The New York Times,Vietnam '67: The Tragedy of Hubert Humphrey https://t.co/iZCCJ16XAc,67
0.6808,Sat Mar 24 03:32:02 +0000 2018,0.65,0.081,0.268,The New York Times,"Math ‚Äúconstitutes the language through which alone we can adequately express the great facts of the natural world,‚Äù‚Ä¶ https://t.co/83Ug5Ql4Gh",68
0.0,Sat Mar 24 03:17:04 +0000 2018,1.0,0.0,0.0,The New York Times,"RT @nytpolitics: In an NYT interview in 2002, John Bolton was asked about the Bush administration's stance on North Korea. He grabbed a nea‚Ä¶",69
0.0258,Sat Mar 24 03:05:06 +0000 2018,0.667,0.164,0.169,The New York Times,RT @NYTSports: Kansas survived a late scare from Clemson to advance to the regional final.  https://t.co/WY4CDmv5t2,70
-0.3612,Sat Mar 24 03:02:03 +0000 2018,0.848,0.152,0.0,The New York Times,"‚ÄúPeople say, write what you know, but it‚Äôs really, write about what obsesses you.‚Äù https://t.co/C2Yv7H5h2u",71
0.0,Sat Mar 24 02:52:19 +0000 2018,1.0,0.0,0.0,The New York Times,"RT @NYTSports: Once West Virginia's leading scorer fouled out with 15 minutes left, top-seeded Villanova pulled away to advance to the East‚Ä¶",72
0.5859,Sat Mar 24 02:47:03 +0000 2018,0.789,0.0,0.211,The New York Times,Here's how to create your own support system when you don't have a spouse or kids to fall back on https://t.co/vLckifnXWU,73
0.0,Sat Mar 24 02:32:02 +0000 2018,1.0,0.0,0.0,The New York Times,Can coffee rev up your workout? It may depend on your genes. https://t.co/ay3k3UI71Q,74
0.3612,Sat Mar 24 02:17:03 +0000 2018,0.898,0.0,0.102,The New York Times,"RT @julieturkewitz: ‚ÄúIt‚Äôs going to look like millions and millions of people,‚Äù said Rebecca Schneid, 16, who is the editor of the newspaper‚Ä¶",75
0.0,Sat Mar 24 02:02:15 +0000 2018,1.0,0.0,0.0,The New York Times,"""Hamilton,"" ""Frozen"" and many Broadway shows all rehearse in one building in New York City. We take you behind the‚Ä¶ https://t.co/DnTc9rvb48",76
-0.6486,Sat Mar 24 01:47:04 +0000 2018,0.815,0.185,0.0,The New York Times,4 members of an Iowa family who traveled to Mexico for vacation were found dead in a condominium. Officials said th‚Ä¶ https://t.co/YRRZEYdRhT,77
0.8555,Sat Mar 24 01:32:04 +0000 2018,0.704,0.0,0.296,The New York Times,"Modern Love: ""I knew that when you find love, you jump in, almost involuntarily. You don‚Äôt sit on the edge negotiat‚Ä¶ https://t.co/euo96xgH1a",78
0.5994,Sat Mar 24 01:17:04 +0000 2018,0.83,0.0,0.17,The New York Times,"RT @NYTObits: H. Wayne Huizenga, the entrepreneur who expanded Blockbuster video and AutoNation into vast enterprises and owned three South‚Ä¶",79
0.0,Sat Mar 24 01:02:04 +0000 2018,1.0,0.0,0.0,The New York Times,Evening Briefing: Here's what you need to know at the end of the day https://t.co/ixJlyCMrwZ,80
0.4019,Sat Mar 24 04:39:15 +0000 2018,0.787,0.0,0.213,The New York Times,Trump Approves New Limits on Transgender Troops in the Military https://t.co/QbU2NftGFW,81
-0.5106,Sat Mar 24 04:21:01 +0000 2018,0.845,0.155,0.0,The New York Times,RT @nytopinion: In 2005 the Republican controlled Senate Foreign Relations Committee rejected John Bolton as President Bush's U.N. ambassad‚Ä¶,82
0.0,Sat Mar 24 04:02:03 +0000 2018,1.0,0.0,0.0,The New York Times,Why did this man kayak across the Atlantic Ocean 3 times? https://t.co/AVNoLa9s9U,83
0.34,Sat Mar 24 03:57:56 +0000 2018,0.854,0.0,0.146,The New York Times,How the Left and the Right Reacted to John Bolton as National Security Adviser https://t.co/1vMikv1PJa,84
-0.5574,Sat Mar 24 03:47:03 +0000 2018,0.746,0.194,0.06,The New York Times,"RT @nytclimate: The loss of sea ice is a bellwether of global warming, suggesting that climate change is not just something to worry about‚Ä¶",85
0.0,Sat Mar 24 03:43:42 +0000 2018,1.0,0.0,0.0,The New York Times,Elon Musk Joins #DeleteFacebook With a Barrage of Tweets https://t.co/au3PLZQyTw,86
-0.6597,Sat Mar 24 03:34:16 +0000 2018,0.614,0.386,0.0,The New York Times,Vietnam '67: The Tragedy of Hubert Humphrey https://t.co/iZCCJ16XAc,87
0.6808,Sat Mar 24 03:32:02 +0000 2018,0.65,0.081,0.268,The New York Times,"Math ‚Äúconstitutes the language through which alone we can adequately express the great facts of the natural world,‚Äù‚Ä¶ https://t.co/83Ug5Ql4Gh",88
0.0,Sat Mar 24 03:17:04 +0000 2018,1.0,0.0,0.0,The New York Times,"RT @nytpolitics: In an NYT interview in 2002, John Bolton was asked about the Bush administration's stance on North Korea. He grabbed a nea‚Ä¶",89
0.0258,Sat Mar 24 03:05:06 +0000 2018,0.667,0.164,0.169,The New York Times,RT @NYTSports: Kansas survived a late scare from Clemson to advance to the regional final.  https://t.co/WY4CDmv5t2,90
-0.3612,Sat Mar 24 03:02:03 +0000 2018,0.848,0.152,0.0,The New York Times,"‚ÄúPeople say, write what you know, but it‚Äôs really, write about what obsesses you.‚Äù https://t.co/C2Yv7H5h2u",91
0.0,Sat Mar 24 02:52:19 +0000 2018,1.0,0.0,0.0,The New York Times,"RT @NYTSports: Once West Virginia's leading scorer fouled out with 15 minutes left, top-seeded Villanova pulled away to advance to the East‚Ä¶",92
0.5859,Sat Mar 24 02:47:03 +0000 2018,0.789,0.0,0.211,The New York Times,Here's how to create your own support system when you don't have a spouse or kids to fall back on https://t.co/vLckifnXWU,93
0.0,Sat Mar 24 02:32:02 +0000 2018,1.0,0.0,0.0,The New York Times,Can coffee rev up your workout? It may depend on your genes. https://t.co/ay3k3UI71Q,94
0.3612,Sat Mar 24 02:17:03 +0000 2018,0.898,0.0,0.102,The New York Times,"RT @julieturkewitz: ‚ÄúIt‚Äôs going to look like millions and millions of people,‚Äù said Rebecca Schneid, 16, who is the editor of the newspaper‚Ä¶",95
0.0,Sat Mar 24 02:02:15 +0000 2018,1.0,0.0,0.0,The New York Times,"""Hamilton,"" ""Frozen"" and many Broadway shows all rehearse in one building in New York City. We take you behind the‚Ä¶ https://t.co/DnTc9rvb48",96
-0.6486,Sat Mar 24 01:47:04 +0000 2018,0.815,0.185,0.0,The New York Times,4 members of an Iowa family who traveled to Mexico for vacation were found dead in a condominium. Officials said th‚Ä¶ https://t.co/YRRZEYdRhT,97
0.8555,Sat Mar 24 01:32:04 +0000 2018,0.704,0.0,0.296,The New York Times,"Modern Love: ""I knew that when you find love, you jump in, almost involuntarily. You don‚Äôt sit on the edge negotiat‚Ä¶ https://t.co/euo96xgH1a",98
0.5994,Sat Mar 24 01:17:04 +0000 2018,0.83,0.0,0.17,The New York Times,"RT @NYTObits: H. Wayne Huizenga, the entrepreneur who expanded Blockbuster video and AutoNation into vast enterprises and owned three South‚Ä¶",99
0.0,Sat Mar 24 01:02:04 +0000 2018,1.0,0.0,0.0,The New York Times,Evening Briefing: Here's what you need to know at the end of the day https://t.co/ixJlyCMrwZ,100
